Workbook

Sheet اقرأني
A1: ملف مقارنة بروتوكولات الـ Clustering في شبكات الحساسات
A2: رسالة: Energy-Efficient Secure Clustering in WSNs Using Hybrid Cryptography — م. رحمة خالد عشبة
A4: الملف ده فيه إيه؟
A5: لوحة الملخص | B5: أهم النتايج في صفحة واحدة: أحسن نسخة من كل عيلة بروتوكولات جنب بعض، ومعاها رسمين بيانيين.
A6: المقارنة الموحدة | B6: كل البروتوكولات وكل نسخ البروتوكول المقترح في نفس البيئة بالظبط (100 نود، 100×100 م، الـ BS في النص). الترتيب ونسب التغيير محسوبين بمعادلات.
A7: إعادة البناء | B7: أرقام الأبحاث الأصلية، مقابل إعادة بناءنا بإعدادات البحث نفسه، مقابل البيئة الموحّدة. والفرق بينهم محسوب بمعادلات.
A8: تطور البروتوكول | B8: النسخ من v1 لحد v8-Chain، وكل نسخة بتغيّر حاجة واحدة بس. التغيير عن النسخة اللي قبلها وعن v1 محسوب بمعادلات.
A9: نص مقابل بعيد | B9: نفس البروتوكول مرة والـ BS في نص الأرض (50,50)، ومرة والـ BS بعيد (50,−100).
A10: تحليل v8 | B10: تحليل البروتوكول النهائي: نشيل كل آلية لوحدها ونشوف أثرها، ونقارن طرق التوجيه، ونجرّب 8 أشكال شبكات مختلفة.
A11: شرح المصطلحات | B11: شرح كل مصطلح وكل عمود بالعربي البسيط.
A13: الألوان
A14: العنوان الأحمر | B14: رقم طالع من المحاكاة (اتكتب بإيدنا).
A15: العنوان الرمادي الغامق | B15: عمود محسوب بمعادلة — ماتكتبيش فوقه.
A16: الصف الوردي | B16: البروتوكول النهائي المقترح (v8 / v8-Chain).
A18: إعدادات المحاكاة
A19: عدد النودز | B19: 100 نود
A20: مساحة الأرض | B20: 100 × 100 متر
A21: الطاقة الابتدائية E0 | B21: 0.5 جول لكل نود
A22: حجم الرسالة | B22: 2000 بت (رسالة التحكم 200 بت)
A23: سرعة الإرسال | B23: 250 kbps
A24: مكان الـ BS | B24: (50, 50) في النص؛ وحالة البعيد (50, −100)
A25: مدى الاتصال | B25: 25 متر
A26: نموذج الراديو | B26: First-order بمعادلتين (d² / d⁴)
A27: E_elec | B27: 50 nJ/bit
A28: E_fs | B28: 10 pJ/bit/m²
A29: E_mp | B29: 0.0013 pJ/bit/m⁴
A30: E_DA | B30: 5 nJ/bit
... A33: المحاكي | B33: ns-3.41 بلغة C++ (نموذج طاقة حسابي)
A35: المراجع
A36: [1] | B36: W. R. Heinzelman, A. Chandrakasan and H. Balakrishnan, “Energy-Efficient Communication Protocol for Wireless Microsensor Networks,” Proc. HICSS, 2000.
A37: [2] | B37: O. Younis and S. Fahmy, “HEED: A Hybrid, Energy-Efficient, Distributed Clustering Approach for Ad Hoc Sensor Networks,” IEEE Trans. Mobile Computing, 2004.
A38: [3] | B38: S. Lindsey and C. S. Raghavendra, “PEGASIS: Power-Efficient Gathering in Sensor Information Systems,” Proc. IEEE Aerospace Conference, 2002.
A39: [4] | B39: Shrestha, Kim, Jung and Lee, “The Improved Energy Efficient LEACH Protocol Technology of WSNs,” IJIBC, 2015.
A40: [5] | B40: A. Razaque, M. Mudigulam, K. Gavini, F. Amsaad, M. Abdulgader and P. Krishna, “H-LEACH: Hybrid-Low Energy Adaptive Clustering Hierarchy for Wireless Sensor Networks,” Proc. IEEE LISAT, 2016.
A41: [6] | B41: Kaur, Kour and Singh, “EECH-HEED: An Adaptive Hybrid Clustering Protocol for Energy Efficient Soil Monitoring,” Scientific Reports, 2025.
A42: [7] | B42: Subedi, Acharya, Lee and Lee, “Two-Level Clustering Algorithm for Cluster Head Selection in Randomly Deployed WSNs,” Telecom (MDPI), 2024.
A43: [8] | B43: Juwaied and Jackowska-Strumillo, “DL-HEED: A Deep Learning Approach to Energy-Efficient Clustering in Heterogeneous WSNs,” Applied Sciences (MDPI), 2025.
A44: [9] | B44: El-Sayed, Abd-Elgaber and Refaay, “An Intelligent RL Enhanced Improved LEACH Protocol for Prolonging WSN Lifetime,” Scientific Reports, 2026.

Sheet لوحة الملخص
A1: لوحة الملخص — أحسن نسخة من كل عيلة (الـ BS في النص)
A2: الأرقام بتتسحب من شيت "المقارنة الموحدة" بـ INDEX/MATCH، فلو غيّرتي رقم هناك بيتغير هنا لوحده.
A4: البروتوكول | B4: المرحلة | C4: FND | D4: HND | E4: LND | F4: PDR
A5: LEACH | B5: في البيئة الموحّدة | C5: =INDEX('المقارنة الموحدة'!$E$5:$E$28,MATCH(1,INDEX(('المقارنة الموحدة'!$B$5:$B$28=A5)*('المقارنة الموحدة'!$C$5:$C$28=B5),0),0)) -> 1409 | D5: =INDEX('المقارنة الموحدة'!$F$5:$F$28,MATCH(1,INDEX(('المقارنة الموحدة'!$B$5:$B$28=A5)*('المقارنة الموحدة'!$C$5:$C$28=B5),0),0)) -> 1626 | E5: =INDEX('المقارنة الموحدة'!$G$5:$G$28,MATCH(1,INDEX(('المقارنة الموحدة'!$B$5:$B$28=A5)*('المقارنة الموحدة'!$C$5:$C$28=B5),0),0)) -> 1962 | F5: =INDEX('المقارنة الموحدة'!$H$5:$H$28,MATCH(1,INDEX(('المقارنة الموحدة'!$B$5:$B$28=A5)*('المقارنة الموحدة'!$C$5:$C$28=B5),0),0)) -> 0.9837
A6: HEED | B6: في البيئة الموحّدة | C6: =INDEX('المقارنة الموحدة'!$E$5:$E$28,MATCH(1,INDEX(('المقارنة الموحدة'!$B$5:$B$28=A6)*('المقارنة الموحدة'!$C$5:$C$28=B6),0),0)) -> 323 | D6: =INDEX('المقارنة الموحدة'!$F$5:$F$28,MATCH(1,INDEX(('المقارنة الموحدة'!$B$5:$B$28=A6)*('المقارنة الموحدة'!$C$5:$C$28=B6),0),0)) -> 570 | E6: =INDEX('المقارنة الموحدة'!$G$5:$G$28,MATCH(1,INDEX(('المقارنة الموحدة'!$B$5:$B$28=A6)*('المقارنة الموحدة'!$C$5:$C$28=B6),0),0)) -> 1362 | F6: =INDEX('المقارنة الموحدة'!$H$5:$H$28,MATCH(1,INDEX(('المقارنة الموحدة'!$B$5:$B$28=A6)*('المقارنة الموحدة'!$C$5:$C$28=B6),0),0)) -> 0.9969
A7: PEGASIS | B7: في البيئة الموحّدة | C7: =INDEX('المقارنة الموحدة'!$E$5:$E$28,MATCH(1,INDEX(('المقارنة الموحدة'!$B$5:$B$28=A7)*('المقارنة الموحدة'!$C$5:$C$28=B7),0),0)) -> 1324 | D7: =INDEX('المقارنة الموحدة'!$F$5:$F$28,MATCH(1,INDEX(('المقارنة الموحدة'!$B$5:$B$28=A7)*('المقارنة الموحدة'!$C$5:$C$28=B7),0),0)) -> 2353 | E7: =INDEX('المقارنة الموحدة'!$G$5:$G$28,MATCH(1,INDEX(('المقارنة الموحدة'!$B$5:$B$28=A7)*('المقارنة الموحدة'!$C$5:$C$28=B7),0),0)) -> 2887 | F7: =INDEX('المقارنة الموحدة'!$H$5:$H$28,MATCH(1,INDEX(('المقارنة الموحدة'!$B$5:$B$28=A7)*('المقارنة الموحدة'!$C$5:$C$28=B7),0),0)) -> 0.9867
A8: SH-LEACH | B8: بعد التحسين | C8: =INDEX('المقارنة الموحدة'!$E$5:$E$28,MATCH(1,INDEX(('المقارنة الموحدة'!$B$5:$B$28=A8)*('المقارنة الموحدة'!$C$5:$C$28=B8),0),0)) -> 1247 | D8: =INDEX('المقارنة الموحدة'!$F$5:$F$28,MATCH(1,INDEX(('المقارنة الموحدة'!$B$5:$B$28=A8)*('المقارنة الموحدة'!$C$5:$C$28=B8),0),0)) -> 1600 | E8: =INDEX('المقارنة الموحدة'!$G$5:$G$28,MATCH(1,INDEX(('المقارنة الموحدة'!$B$5:$B$28=A8)*('المقارنة الموحدة'!$C$5:$C$28=B8),0),0)) -> 1649 | F8: =INDEX('المقارنة الموحدة'!$H$5:$H$28,MATCH(1,INDEX(('المقارنة الموحدة'!$B$5:$B$28=A8)*('المقارنة الموحدة'!$C$5:$C$28=B8),0),0)) -> 0.9979
A9: H-LEACH | B9: بعد التحسين | C9: =INDEX('المقارنة الموحدة'!$E$5:$E$28,MATCH(1,INDEX(('المقارنة الموحدة'!$B$5:$B$28=A9)*('المقارنة الموحدة'!$C$5:$C$28=B9),0),0)) -> 2347 | D9: =INDEX('المقارنة الموحدة'!$F$5:$F$28,MATCH(1,INDEX(('المقارنة الموحدة'!$B$5:$B$28=A9)*('المقارنة الموحدة'!$C$5:$C$28=B9),0),0)) -> 2449 | E9: =INDEX('المقارنة الموحدة'!$G$5:$G$28,MATCH(1,INDEX(('المقارنة الموحدة'!$B$5:$B$28=A9)*('المقارنة الموحدة'!$C$5:$C$28=B9),0),0)) -> 2499 | F9: =INDEX('المقارنة الموحدة'!$H$5:$H$28,MATCH(1,INDEX(('المقارنة الموحدة'!$B$5:$B$28=A9)*('المقارنة الموحدة'!$C$5:$C$28=B9),0),0)) -> 0.9733
A10: v3 | B10: مقترح | C10: =INDEX('المقارنة الموحدة'!$E$5:$E$28,MATCH(1,INDEX(('المقارنة الموحدة'!$B$5:$B$28=A10)*('المقارنة الموحدة'!$C$5:$C$28=B10),0),0)) -> 1730 | D10: =INDEX('المقارنة الموحدة'!$F$5:$F$28,MATCH(1,INDEX(('المقارنة الموحدة'!$B$5:$B$28=A10)*('المقارنة الموحدة'!$C$5:$C$28=B10),0),0)) -> 2081 | E10: =INDEX('المقارنة الموحدة'!$G$5:$G$28,MATCH(1,INDEX(('المقارنة الموحدة'!$B$5:$B$28=A10)*('المقارنة الموحدة'!$C$5:$C$28=B10),0),0)) -> 2703 | F10: =INDEX('المقارنة الموحدة'!$H$5:$H$28,MATCH(1,INDEX(('المقارنة الموحدة'!$B$5:$B$28=A10)*('المقارنة الموحدة'!$C$5:$C$28=B10),0),0)) -> 0.9772
A11: v7 (Center) | B11: مقترح | C11: =INDEX('المقارنة الموحدة'!$E$5:$E$28,MATCH(1,INDEX(('المقارنة الموحدة'!$B$5:$B$28=A11)*('المقارنة الموحدة'!$C$5:$C$28=B11),0),0)) -> 1551 | D11: =INDEX('المقارنة الموحدة'!$F$5:$F$28,MATCH(1,INDEX(('المقارنة الموحدة'!$B$5:$B$28=A11)*('المقارنة الموحدة'!$C$5:$C$28=B11),0),0)) -> 1976 | E11: =INDEX('المقارنة الموحدة'!$G$5:$G$28,MATCH(1,INDEX(('المقارنة الموحدة'!$B$5:$B$28=A11)*('المقارنة الموحدة'!$C$5:$C$28=B11),0),0)) -> 2066 | F11: =INDEX('المقارنة الموحدة'!$H$5:$H$28,MATCH(1,INDEX(('المقارنة الموحدة'!$B$5:$B$28=A11)*('المقارنة الموحدة'!$C$5:$C$28=B11),0),0)) -> 0.98432
A12: v7.1 Multihop (Int 5) | B12: مقترح | C12: =INDEX('المقارنة الموحدة'!$E$5:$E$28,MATCH(1,INDEX(('المقارنة الموحدة'!$B$5:$B$28=A12)*('المقارنة الموحدة'!$C$5:$C$28=B12),0),0)) -> 1491 | D12: =INDEX('المقارنة الموحدة'!$F$5:$F$28,MATCH(1,INDEX(('المقارنة الموحدة'!$B$5:$B$28=A12)*('المقارنة الموحدة'!$C$5:$C$28=B12),0),0)) -> 1991 | E12: =INDEX('المقارنة الموحدة'!$G$5:$G$28,MATCH(1,INDEX(('المقارنة الموحدة'!$B$5:$B$28=A12)*('المقارنة الموحدة'!$C$5:$C$28=B12),0),0)) -> 2086 | F12: =INDEX('المقارنة الموحدة'!$H$5:$H$28,MATCH(1,INDEX(('المقارنة الموحدة'!$B$5:$B$28=A12)*('المقارنة الموحدة'!$C$5:$C$28=B12),0),0)) -> 0.9849
A13: v8-Chain (Center) | B13: مقترح | C13: =INDEX('المقارنة الموحدة'!$E$5:$E$28,MATCH(1,INDEX(('المقارنة الموحدة'!$B$5:$B$28=A13)*('المقارنة الموحدة'!$C$5:$C$28=B13),0),0)) -> 2621 | D13: =INDEX('المقارنة الموحدة'!$F$5:$F$28,MATCH(1,INDEX(('المقارنة الموحدة'!$B$5:$B$28=A13)*('المقارنة الموحدة'!$C$5:$C$28=B13),0),0)) -> 2711 | E13: =INDEX('المقارنة الموحدة'!$G$5:$G$28,MATCH(1,INDEX(('المقارنة الموحدة'!$B$5:$B$28=A13)*('المقارنة الموحدة'!$C$5:$C$28=B13),0),0)) -> 2756 | F13: =INDEX('المقارنة الموحدة'!$H$5:$H$28,MATCH(1,INDEX(('المقارنة الموحدة'!$B$5:$B$28=A13)*('المقارنة الموحدة'!$C$5:$C$28=B13),0),0)) -> 0.992668
A15: أهم الأرقام
A16: FND بتاع v8-Chain مقارنة بأحسن هجين من الأبحاث (H-LEACH المحسّن) | C16: =C13/C9-1 -> 0.11674478
A17: FND بتاع v8-Chain مقارنة بـ LEACH | C17: =C13/C5-1 -> 0.86018453
A18: PDR بتاع v8-Chain مقارنة بـ v7 (نص) | C18: =(F13-F11)*100 -> 0.8348
A19: FND بتاع v8-Chain لما الـ BS بعيد مقارنة بـ v7 بعيد | C19: ='نص مقابل بعيد'!F9/'نص مقابل بعيد'!F7-1 -> 0.35545024
A21: ملاحظة مهمة: HEED وSH-LEACH المحسّن عندهم PDR أعلى شوية من v8-Chain، بس أول نود فيهم بيموت بدري جدًا. وPEGASIS عنده LND أعلى، بس أول نود فيه بيموت قبلنا بحوالي 1300 round.

Sheet شرح المصطلحات
A1: شرح المصطلحات بالعربي البسيط
A2: لو أي كلمة في الملف مش واضحة، هتلاقي معناها هنا.
A4: المصطلح | B4: معناه ببساطة
A5: WSN | B5: شبكة حساسات لاسلكية: أجهزة صغيرة ببطارية بتقيس حاجة (حرارة، رطوبة…) وتبعتها لجهاز رئيسي.
A6: BS / Sink | B6: الجهاز الرئيسي اللي بيستلم الداتا من الشبكة كلها.
A7: CH (Cluster Head) | B7: "الألفة": نود بيستلم داتا جيرانه، يجمّعها في رسالة واحدة، ويبعتها للـ BS. بيتعب أكتر من الباقيين.
A8: Cluster | B8: مجموعة نودز تابعة لنفس الـ CH.
A9: Round | B9: دورة واحدة: كل نود يبعت قراءته مرة، والـ CHs توصّلها للـ BS.
A10: Setup interval | B10: كل كام round بنعيد اختيار الـ CHs من الأول (عندنا كل 5 rounds).
A11: FND (First Node Dead) | B11: رقم الـ round اللي مات فيه أول نود. كل ما يكون أعلى، يبقى الحمل متوزع أحسن والأرض كلها متغطية أطول. (أعلى = أحسن)
A12: HND (Half Nodes Dead) | B12: رقم الـ round اللي مات فيه نص النودز. بيقيس العمر المفيد للشبكة. (أعلى = أحسن)
A13: LND (Last Node Dead) | B13: رقم الـ round اللي مات فيه آخر نود. ممكن يكون وهمي لو النودز عايشة بس مش بتبعت (زي v5b). (أعلى = أحسن، بس بحذر)
A14: PDR | B14: نسبة الرسايل اللي وصلت للـ BS من كل الرسايل اللي اتعملت على طول عمر الشبكة. (أعلى = أحسن)
A15: Delivered packets | B15: عدد الرسايل اللي وصلت فعلًا. بيكشف لو فيه نودز "عايشة وساكتة".
... A25: d² / d⁴ | B25: طاقة الإرسال بتزيد مع مربع المسافة في المسافات القصيرة، ومع أُس 4 للمسافة بعد 87.7 متر — عشان كده الإرسال البعيد غالي جدًا.

Sheet المقارنة الموحدة
A1: المقارنة الموحّدة (الـ BS في نص الأرض)
A2: كل الصفوف: 100 نود، 100×100 م، طاقة 0.5 جول، رسالة 2000 بت، نموذج راديو بمعادلتين، seed = 12345. الترتيب 1 = الأحسن.
A4: العيلة | B4: البروتوكول / النسخة | C4: المرحلة | D4: الفكرة | E4: FND | F4: HND | G4: LND | H4: PDR | I4: الـ LND مقارنة بـ LEACH | J4: FND ÷ LND (توازن الحمل) | K4: ترتيب LND | L4: ترتيب PDR
A5: أساسي | B5: LEACH | C5: في البيئة الموحّدة | D5: اختيار CH بالقرعة وبالدور | E5: 1409 | F5: 1626 | G5: 1962 | H5: 0.9837 | I5: =G5/$G$5-1 -> 0 | J5: =E5/G5 -> 0.71814475 | K5: =RANK(G5,$G$5:$G$28) -> 18 | L5: =RANK(H5,$H$5:$H$28) -> 12
A6: أساسي | B6: HEED | C6: في البيئة الموحّدة | D6: مفاوضات متكررة على الطاقة والتكلفة | E6: 323 | F6: 570 | G6: 1362 | H6: 0.9969 | I6: =G6/$G$5-1 -> -0.3058104 | J6: =E6/G6 -> 0.23715125 | K6: =RANK(G6,$G$5:$G$28) -> 23 | L6: =RANK(H6,$H$5:$H$28) -> 4
A7: أساسي | B7: HEED (fairness) | C7: موحّدة + تعديل | D7: + عقوبة على تكرار نفس الـ CH | E7: 338 | F7: 549 | G7: 1502 | H7: 0.9967 | I7: =G7/$G$5-1 -> -0.23445464 | J7: =E7/G7 -> 0.22503329 | K7: =RANK(G7,$G$5:$G$28) -> 21 | L7: =RANK(H7,$H$5:$H$28) -> 5
A8: أساسي | B8: PEGASIS | C8: في البيئة الموحّدة | D8: سلسلة واحدة لكل النودز وقائد بيتغير | E8: 1324 | F8: 2353 | G8: 2887 | H8: 0.9867 | I8: =G8/$G$5-1 -> 0.4714577 | J8: =E8/G8 -> 0.45860755 | K8: =RANK(G8,$G$5:$G$28) -> 3 | L8: =RANK(H8,$H$5:$H$28) -> 9
A9: هجين من الأبحاث | B9: SH-LEACH | C9: في البيئة الموحّدة | D9: LEACH + HEED بمضاعفة واحدة | E9: 1440 | F9: 1584 | G9: 1604 | H9: 0.9917 | I9: =G9/$G$5-1 -> -0.18246687 | J9: =E9/G9 -> 0.89775561 | K9: =RANK(G9,$G$5:$G$28) -> 20 | L9: =RANK(H9,$H$5:$H$28) -> 8
A10: هجين من الأبحاث | B10: SH-LEACH | C10: بعد التحسين | D10: مضاعفة متكررة حقيقية، Cprob من 0.10 لـ 0.03 | E10: 1247 | F10: 1600 | G10: 1649 | H10: 0.9979 | I10: =G10/$G$5-1 -> -0.15953109 | J10: =E10/G10 -> 0.75621589 | K10: =RANK(G10,$G$5:$G$28) -> 19 | L10: =RANK(H10,$H$5:$H$28) -> 1
A11: هجين من الأبحاث | B11: H-LEACH | C11: في البيئة الموحّدة | D11: شرط الطاقة = 1.0 × المتوسط | E11: 2177 | F11: 2255 | G11: 2305 | H11: 0.9733 | I11: =G11/$G$5-1 -> 0.17482161 | J11: =E11/G11 -> 0.94446855 | K11: =RANK(G11,$G$5:$G$28) -> 10 | L11: =RANK(H11,$H$5:$H$28) -> 18
A12: هجين من الأبحاث | B12: H-LEACH | C12: بعد التحسين | D12: شرط الطاقة اتخفف لـ 0.8 × المتوسط | E12: 2347 | F12: 2449 | G12: 2499 | H12: 0.9733 | I12: =G12/$G$5-1 -> 0.27370031 | J12: =E12/G12 -> 0.93917567 | K12: =RANK(G12,$G$5:$G$28) -> 8 | L12: =RANK(H12,$H$5:$H$28) -> 18
A13: للمقارنة بس | B13: EECH-HEED | C13: في البيئة الموحّدة | D13: HEED + EECH (مش LEACH+HEED) | E13: 1653 | F13: 2134 | G13: 2184 | H13: 0.9168 | I13: =G13/$G$5-1 -> 0.11314985 | J13: =E13/G13 -> 0.75686813 | K13: =RANK(G13,$G$5:$G$28) -> 13 | L13: =RANK(H13,$H$5:$H$28) -> 24
A14: للمقارنة بس | B14: EECH-HEED | C14: بعد التحسين | D14: + إرسال بس لما القراءة تتغير (بيبعت أقل) | E14: 2502 | F14: 3758 | G14: 3808 | H14: 0.9214 | I14: =G14/$G$5-1 -> 0.94087666 | J14: =E14/G14 -> 0.65703782 | K14: =RANK(G14,$G$5:$G$28) -> 1 | L14: =RANK(H14,$H$5:$H$28) -> 23
A15: مقترح | B15: v1 | C15: مقترح | D15: اختيار CH بطريقة HEED + انضمام بطريقة LEACH، من غير إعادة استخدام | E15: 330 | F15: 557 | G15: 1318 | H15: 0.9974 | I15: =G15/$G$5-1 -> -0.32823649 | J15: =E15/G15 -> 0.25037936 | K15: =RANK(G15,$G$5:$G$28) -> 24 | L15: =RANK(H15,$H$5:$H$28) -> 3
A16: مقترح | B16: v2 | C16: مقترح | D16: + عقوبة على تكرار نفس الـ CH | E16: 345 | F16: 534 | G16: 1393 | H16: 0.9979 | I16: =G16/$G$5-1 -> -0.29001019 | J16: =E16/G16 -> 0.24766691 | K16: =RANK(G16,$G$5:$G$28) -> 22 | L16: =RANK(H16,$H$5:$H$28) -> 1
... A28: مقترح | B28: v8-Chain (Center) | C28: مقترح | D28: v8 + توجيه ذكي بين الـ CHs (0 مرّات توجيه) | E28: 2621 | F28: 2711 | G28: 2756 | H28: 0.992668 | I28: =G28/$G$5-1 -> 0.40468909 | J28: =E28/G28 -> 0.95101597 | K28: =RANK(G28,$G$5:$G$28) -> 5 | L28: =RANK(H28,$H$5:$H$28) -> 6
A30: إزاي تقري الجدول: "الـ LND مقارنة بـ LEACH" بتقارن بـ LEACH في البيئة الموحّدة. "FND ÷ LND" لو قريبة من 1 يبقى النودز ماتت ورا بعض بسرعة، يعني الحمل كان متوزع كويس.
A31: تنبيه: v5b عنده LND عالي (3203) بس ده وهمي — آخر 1038 round فيه وصّلوا 59 رسالة بس، لأن النودز كانت عايشة ومش بتبعت.

Sheet إعادة البناء
A1: أرقام الأبحاث مقابل إعادة البناء بتاعتنا
A2: المنشور = المكتوب في البحث (كل بحث بإعدادات مختلفة). Paper-exact = الكود بتاعنا بإعدادات البحث. الموحّد = الكود بتاعنا في البيئة المشتركة.
A4: البروتوكول | B4: FND المنشور | C4: LND المنشور | D4: FND (paper-exact) | E4: HND (paper-exact) | F4: LND (paper-exact) | G4: PDR (paper-exact) | H4: FND الموحّد | I4: HND الموحّد | J4: LND الموحّد | K4: PDR الموحّد | L4: Paper-exact مقابل المنشور (LND) | M4: الموحّد مقابل Paper-exact (LND) | N4: إعدادات الـ paper-exact | O4: مصدر الرقم المنشور
A5: LEACH | B5: 932 | C5: 1312 | D5: 882 | E5: 970 | F5: 1321 | G5: 0.9802 | H5: 1409 | I5: 1626 | J5: 1962 | K5: 0.9837 | L5: =IF(ISNUMBER(C5),F5/C5-1,"—") -> 0.0068597561 | M5: =J5/F5-1 -> 0.48523846 | N5: 50×50 م، BS بعيد، معادلة راديو واحدة | O5: Heinzelman وآخرين، 2000 — جدول 2 (0.5 جول)
A6: HEED | B6: مش موجود | C6: رسم بس | D6: 1106 | E6: 1626 | F6: 1996 | G6: 0.9997 | H6: 323 | I6: 570 | J6: 1362 | K6: 0.9969 | L6: =IF(ISNUMBER(C6),F6/C6-1,"—") -> — | M6: =J6/F6-1 -> -0.31763527 | N6: إعدادات جدول 2، BS بعيد، طاقة 2 جول، رسالة 800 بت | O6: Younis و Fahmy، 2004 — رسم بياني بس (Fig. 8)
A7: PEGASIS | B7: 1578 | C7: 2192 | D7: 1614 | E7: 2036 | F7: 2167 | G7: 0.9775 | H7: 1324 | I7: 2353 | J7: 2887 | K7: 0.9867 | L7: =IF(ISNUMBER(C7),F7/C7-1,"—") -> -0.011405109 | M7: =J7/F7-1 -> 0.33225658 | N7: 50×50 م، BS بعيد، معادلة راديو واحدة | O7: Lindsey و Raghavendra، 2002 — جدول 1 (50×50 م)
A8: SH-LEACH | B8: مش موجود | C8: رسم بس | D8: 493 | E8: 747 | F8: 884 | G8: 0.9953 | H8: 1440 | I8: 1584 | J8: 1604 | K8: 0.9917 | L8: =IF(ISNUMBER(C8),F8/C8-1,"—") -> — | M8: =J8/F8-1 -> 0.81447964 | N8: 100 نود، Cprob = 0.10 | O8: Shrestha وآخرين، 2015 — رسم بياني بس (Fig. 2)
A9: H-LEACH | B9: مش موجود | C9: 4312 | D9: 1080 | E9: 1160 | F9: 1210 | G9: 0.9475 | H9: 2177 | I9: 2255 | J9: 2305 | K9: 0.9733 | L9: =IF(ISNUMBER(C9),F9/C9-1,"—") -> -0.71938776 | M9: =J9/F9-1 -> 0.90495868 | N9: مع حل احتياطي (الشرط الأصلي بيقف ومايختارش CH) | O9: Razaque وآخرين، 2016 — مقروءة تقريبًا من Fig. 2
A10: EECH-HEED | B10: 1250 | C10: 2200 | D10: 792 | E10: 1079 | F10: 1129 | G10: 0.9043 | H10: 1653 | I10: 2134 | J10: 2184 | K10: 0.9168 | L10: =IF(ISNUMBER(C10),F10/C10-1,"—") -> -0.48681818 | M10: =J10/F10-1 -> 0.93445527 | N10: رسالة 4000 بت | O10: Kaur و Kour و Singh، 2025 — جدول 7
A12: ليه الأرقام بتتغير؟ البيئة الموحّدة مختلفة في: مساحة الأرض، ومكان الـ BS، ونموذج الراديو، وحجم الرسالة، والطاقة الابتدائية. الخوارزمية نفسها ماتغيرتش.
A13: عشان كده عمود "الموحّد" هو الوحيد اللي ينفع نقارن بيه البروتوكولات ببعض بشكل عادل.

Sheet تطور البروتوكول
A1: البروتوكول المقترح — التطور نسخة بنسخة
A2: كل نسخة بتغيّر حاجة واحدة بس. أعمدة Δ محسوبة: مقارنة بالصف اللي قبلها، ومقارنة بـ v1.
A4: النسخة | B4: الـ BS | C4: مدة إعادة التكوين | D4: إيه اللي اتغيّر | E4: FND | F4: HND | G4: LND | H4: PDR | I4: Δ FND عن اللي قبلها | J4: Δ LND عن اللي قبلها | K4: Δ PDR عن اللي قبلها | L4: Δ LND عن v1
A5: v1 | B5: في النص | C5: 5 | D5: اختيار CH بطريقة HEED + انضمام بطريقة LEACH، من غير إعادة استخدام | E5: 330 | F5: 557 | G5: 1318 | H5: 0.9974 | I5: — | J5: — | K5: — | L5: =G5/$G$5-1 -> 0
A6: v2 | B6: في النص | C6: 5 | D6: + عقوبة على تكرار نفس الـ CH | E6: 345 | F6: 534 | G6: 1393 | H6: 0.9979 | I6: =E6/E5-1 -> 0.045454545 | J6: =G6/G5-1 -> 0.056904401 | K6: =(H6-H5)*100 -> 0.05 | L6: =G6/$G$5-1 -> 0.056904401
A7: v3 | B7: في النص | C7: 5 | D7: معادلة واحدة (الطاقة × الجيران) + إعادة استخدام الـ clusters كل 5 rounds | E7: 1730 | F7: 2081 | G7: 2703 | H7: 0.9772 | I7: =E7/E6-1 -> 4.0144928 | J7: =G7/G6-1 -> 0.94041637 | K7: =(H7-H6)*100 -> -2.07 | L7: =G7/$G$5-1 -> 1.0508346
A8: v4 | B8: في النص | C8: 15 | D8: مدة إعادة التكوين من 5 لـ 15 round | E8: 1513 | F8: 2219 | G8: 2521 | H8: 0.9467 | I8: =E8/E7-1 -> -0.12543353 | J8: =G8/G7-1 -> -0.067332593 | K8: =(H8-H7)*100 -> -3.05 | L8: =G8/$G$5-1 -> 0.91274659
A9: v5 | B9: في النص | C9: 15 | D9: + نائب CH (Backup) | E9: 1513 | F9: 2127 | G9: 2416 | H9: 0.9705 | I9: =E9/E8-1 -> 0 | J9: =G9/G8-1 -> -0.041650139 | K9: =(H9-H8)*100 -> 2.38 | L9: =G9/$G$5-1 -> 0.83308042
A10: v5-exp (Int 5) | B10: في النص | C10: 5 | D10: مدة 5 + Backup + إصلاح الـ cluster | E10: 1730 | F10: 2086 | G10: 2156 | H10: 0.9827 | I10: =E10/E9-1 -> 0.14342366 | J10: =G10/G9-1 -> -0.10761589 | K10: =(H10-H9)*100 -> 1.22 | L10: =G10/$G$5-1 -> 0.63581184
A11: v5-exp (Int 10) | B11: في النص | C11: 10 | D11: مدة 10 + Backup + إصلاح الـ cluster | E11: 1621 | F11: 2141 | G11: 2291 | H11: 0.9794 | I11: =E11/E10-1 -> -0.06300578 | J11: =G11/G10-1 -> 0.062615955 | K11: =(H11-H10)*100 -> -0.33 | L11: =G11/$G$5-1 -> 0.73823976
A12: v6 (Center) | B12: في النص | C12: 5 | D12: سلسلة بين الـ CHs | E12: 1551 | F12: 1981 | G12: 2106 | H12: 0.97494 | I12: =E12/E11-1 -> -0.04318322 | J12: =G12/G11-1 -> -0.080750764 | K12: =(H12-H11)*100 -> -0.446 | L12: =G12/$G$5-1 -> 0.59787557
A13: v7 (Center) | B13: في النص | C13: 5 | D13: سلسلة + Backup + إصلاح السلسلة | E13: 1551 | F13: 1976 | G13: 2066 | H13: 0.98432 | I13: =E13/E12-1 -> 0 | J13: =G13/G12-1 -> -0.018993352 | K13: =(H13-H12)*100 -> 0.938 | L13: =G13/$G$5-1 -> 0.56752656
A14: v6 (Far BS) | B14: بعيد | C14: 5 | D14: سلسلة بين الـ CHs | E14: 1266 | F14: 1910 | G14: 2031 | H14: 0.97075 | I14: =E14/E13-1 -> -0.18375242 | J14: =G14/G13-1 -> -0.016940949 | K14: =(H14-H13)*100 -> -1.357 | L14: =G14/$G$5-1 -> 0.54097117
A15: v7 (Far BS) | B15: بعيد | C15: 5 | D15: سلسلة + Backup + إصلاح السلسلة | E15: 1266 | F15: 1891 | G15: 1976 | H15: 0.98135 | I15: =E15/E14-1 -> 0 | J15: =G15/G14-1 -> -0.027080256 | K15: =(H15-H14)*100 -> 1.06 | L15: =G15/$G$5-1 -> 0.49924127
A16: v7.1 Multihop (Int 5) | B16: في النص | C16: 5 | D16: شجرة Multihop + Backup + إصلاح المسار | E16: 1491 | F16: 1991 | G16: 2086 | H16: 0.9849 | I16: =E16/E15-1 -> 0.17772512 | J16: =G16/G15-1 -> 0.055668016 | K16: =(H16-H15)*100 -> 0.355 | L16: =G16/$G$5-1 -> 0.58270106
A17: v7.2 Multihop (Int 10) | B17: في النص | C17: 10 | D17: نفس الـ Multihop بمدة 10 | E17: 1381 | F17: 2071 | G17: 2241 | H17: 0.97878 | I17: =E17/E16-1 -> -0.073775989 | J17: =G17/G16-1 -> 0.07430489 | K17: =(H17-H16)*100 -> -0.612 | L17: =G17/$G$5-1 -> 0.70030349
... A22: v8-Chain (Far BS) | B22: بعيد | C22: 5 | D22: v8 + توجيه ذكي بين الـ CHs (4,710 مرّة توجيه) | E22: 1716 | F22: 1886 | G22: 1956 | H22: 0.990719 | I22: =E22/E21-1 -> -0.34528806 | J22: =G22/G21-1 -> -0.29027576 | K22: =(H22-H21)*100 -> -0.1949 | L22: =G22/$G$5-1 -> 0.48406677
A24: الصفوف مترتبة بترتيب ما اتعملت. نسخ "في النص" و"بعيد" لنفس البروتوكول (v6 وv7 وv8) تتقارن مع بعض في شيت "نص مقابل بعيد"، مش صف بصف هنا.
A26: بيانات الرسم (نسخ الـ BS في النص، بمعادلات)
A27: النسخة | B27: FND | C27: HND | D27: LND | E27: PDR
A28: =A5 -> v1 | B28: =E5 -> 330 | C28: =F5 -> 557 | D28: =G5 -> 1318 | E28: =H5 -> 0.9974
A29: =A6 -> v2 | B29: =E6 -> 345 | C29: =F6 -> 534 | D29: =G6 -> 1393 | E29: =H6 -> 0.9979
A30: =A7 -> v3 | B30: =E7 -> 1730 | C30: =F7 -> 2081 | D30: =G7 -> 2703 | E30: =H7 -> 0.9772
A31: =A8 -> v4 | B31: =E8 -> 1513 | C31: =F8 -> 2219 | D31: =G8 -> 2521 | E31: =H8 -> 0.9467
A32: =A9 -> v5 | B32: =E9 -> 1513 | C32: =F9 -> 2127 | D32: =G9 -> 2416 | E32: =H9 -> 0.9705
A33: =A10 -> v5-exp (Int 5) | B33: =E10 -> 1730 | C33: =F10 -> 2086 | D33: =G10 -> 2156 | E33: =H10 -> 0.9827
A34: =A11 -> v5-exp (Int 10) | B34: =E11 -> 1621 | C34: =F11 -> 2141 | D34: =G11 -> 2291 | E34: =H11 -> 0.9794
A35: =A12 -> v6 (Center) | B35: =E12 -> 1551 | C35: =F12 -> 1981 | D35: =G12 -> 2106 | E35: =H12 -> 0.97494
A36: =A13 -> v7 (Center) | B36: =E13 -> 1551 | C36: =F13 -> 1976 | D36: =G13 -> 2066 | E36: =H13 -> 0.98432
A37: =A16 -> v7.1 Multihop (Int 5) | B37: =E16 -> 1491 | C37: =F16 -> 1991 | D37: =G16 -> 2086 | E37: =H16 -> 0.9849
A38: =A17 -> v7.2 Multihop (Int 10) | B38: =E17 -> 1381 | C38: =F17 -> 2071 | D38: =G17 -> 2241 | E38: =H17 -> 0.97878
A39: =A18 -> v5b (Energy-Aware) | B39: =E18 -> 1730 | C39: =F18 -> 2091 | D39: =G18 -> 3203 | E39: =H18 -> 0.973087
A40: =A19 -> v8 (Center) | B40: =E19 -> 2621 | C40: =F19 -> 2711 | D40: =G19 -> 2761 | E40: =H19 -> 0.992224
A41: =A21 -> v8-Chain (Center) | B41: =E21 -> 2621 | C41: =F21 -> 2711 | D41: =G21 -> 2756 | E41: =H21 -> 0.992668

Sheet نص مقابل بعيد
A1: نفس البروتوكول: الـ BS في النص مقابل الـ BS بعيد
A2: نفس الكود ونفس الـ seed، الفرق الوحيد مكان الـ BS: في النص (50,50) أو بعيد (50,−100). Δ = البعيد مقارنة بالنص (معادلات).
A4: البروتوكول | B4: FND نص | C4: HND نص | D4: LND نص | E4: PDR نص | F4: FND بعيد | G4: HND بعيد | H4: LND بعيد | I4: PDR بعيد | J4: Δ FND | K4: Δ LND | L4: Δ PDR
A5: v5b (Energy-Aware) | B5: 1730 | C5: 2091 | D5: 3203 | E5: 0.973087 | F5: 1055 | G5: 1616 | H5: 1861 | I5: 0.982785 | J5: =F5/B5-1 -> -0.39017341 | K5: =H5/D5-1 -> -0.4189822 | L5: =(I5-E5)*100 -> 0.9698
A6: v6 (سلسلة ثابتة) | B6: 1551 | C6: 1981 | D6: 2106 | E6: 0.97494 | F6: 1266 | G6: 1910 | H6: 2031 | I6: 0.97075 | J6: =F6/B6-1 -> -0.18375242 | K6: =H6/D6-1 -> -0.035612536 | L6: =(I6-E6)*100 -> -0.419
A7: v7 (سلسلة + Backup + إصلاح) | B7: 1551 | C7: 1976 | D7: 2066 | E7: 0.98432 | F7: 1266 | G7: 1891 | H7: 1976 | I7: 0.98135 | J7: =F7/B7-1 -> -0.18375242 | K7: =H7/D7-1 -> -0.043562439 | L7: =(I7-E7)*100 -> -0.297
A8: v8 | B8: 2621 | C8: 2711 | D8: 2761 | E8: 0.992224 | F8: 1471 | G8: 1646 | H8: 1716 | I8: 0.986599 | J8: =F8/B8-1 -> -0.43876383 | K8: =H8/D8-1 -> -0.37848606 | L8: =(I8-E8)*100 -> -0.5625
A9: v8-Chain (توجيه ذكي) | B9: 2621 | C9: 2711 | D9: 2756 | E9: 0.992668 | F9: 1716 | G9: 1886 | H9: 1956 | I9: 0.990719 | J9: =F9/B9-1 -> -0.34528806 | K9: =H9/D9-1 -> -0.29027576 | L9: =(I9-E9)*100 -> -0.1949
A11: إزاي تقري الجدول: لما الـ BS يبعد، كل البروتوكولات بتخسر عمر لأن الإرسال للـ BS بقى غالي. v8-Chain بيخسر أقل من v8 لأنه بيعمل سلسلة لوحده لما الـ BS يبعد.

Sheet تحليل v8
A1: تحليل v8 / v8-Chain
A2: أ. نشيل آلية واحدة كل مرة (Ablation). ب. طرق التوجيه بين الـ CHs. ج. متوسط 8 أشكال شبكات مختلفة.
A4: أ. Ablation — نشيل آلية واحدة (الـ BS في النص، seed 12345)
A5: النسخة | B5: الآلية اللي اتشالت | C5: FND | D5: HND | E5: LND | F5: PDR | G5: الرسايل اللي وصلت | H5: Δ FND عن الكامل | I5: Δ الرسايل عن الكامل
A6: v8 (كامل) | B6: — | C6: 2621 | D6: 2711 | E6: 2761 | F6: 0.992224 | G6: 268610 | H6: =C6/$C$6-1 -> 0 | I6: =G6/$G$6-1 -> 0
A7: v8 − I1 | B7: إصلاح الـ epoch | C7: 2621 | D7: 2711 | E7: 2761 | F7: 0.992224 | G7: 268610 | H7: =C7/$C$6-1 -> 0 | I7: =G7/$G$6-1 -> 0
A8: v8 − I2 | B8: التسليم الاستباقي للـ CH | C8: 2585 | D8: 2726 | E8: 2766 | F8: 0.989804 | G8: 268509 | H8: =C8/$C$6-1 -> -0.013735216 | I8: =G8/$G$6-1 -> -0.00037600983
A9: v8 − I3 | B9: انضمام الأيتام | C9: 2621 | D9: 2711 | E9: 2761 | F9: 0.992224 | G9: 268610 | H9: =C9/$C$6-1 -> 0 | I9: =G9/$G$6-1 -> 0
A10: v8 − I4 | B10: الإرسال المباشر للـ BS | C10: 1821 | D10: 2001 | E10: 2076 | F10: 0.993171 | G10: 198218 | H10: =C10/$C$6-1 -> -0.30522701 | I10: =G10/$G$6-1 -> -0.26206024
A11: v8 − I5 | B11: ترشيح الأقوياء بس | C11: 2171 | D11: 2641 | E11: 2746 | F11: 0.990522 | G11: 258228 | H11: =C11/$C$6-1 -> -0.17169019 | I11: =G11/$G$6-1 -> -0.038650832
A12: إصلاح الحد بس | B12: من غير I1 لحد I5 | C12: 1730 | D12: 2086 | E12: 2166 | F12: 0.98163 | G12: 201565 | H12: =C12/$C$6-1 -> -0.33994659 | I12: =G12/$G$6-1 -> -0.24959979
A15: ب. طريقة التوجيه بين الـ CHs (seed 12345 ومتوسط 8 seeds)
A16: طريقة التوجيه | B16: الـ BS | C16: FND | D16: HND | E16: LND | F16: PDR | G16: متوسط FND | H16: متوسط HND | I16: متوسط LND | J16: متوسط PDR
A17: مباشر CH→BS (v8) | B17: في النص | C17: 2621 | D17: 2711 | E17: 2761 | F17: 0.992224 | G17: 2618 | H17: 2720 | I17: 2766 | J17: 0.9926
A18: سلسلة ثابتة | B18: في النص | C18: 2566 | D18: 2661 | E18: 2692 | F18: 0.991087 | G18: 2571 | H18: 2664 | I18: 2704 | J18: 0.9922
A19: توجيه ذكي (v8-Chain) | B19: في النص | C19: 2621 | D19: 2711 | E19: 2756 | F19: 0.992668 | G19: 2618 | H19: 2720 | I19: 2765 | J19: 0.9925
A20: مباشر CH→BS (v8) | B20: بعيد | C20: 1471 | D20: 1646 | E20: 1716 | F20: 0.986599 | G20: 1487 | H20: 1673 | I20: 1730 | J20: 0.9886
A21: سلسلة ثابتة | B21: بعيد | C21: 1696 | D21: 1901 | E21: 1961 | F21: 0.990255 | G21: 1740 | H21: 1932 | I21: 1992 | J21: 0.9907
A22: توجيه ذكي (v8-Chain) | B22: بعيد | C22: 1716 | D22: 1886 | E22: 1956 | F22: 0.990719 | G22: 1743 | H22: 1932 | I22: 1995 | J22: 0.9905
A25: ج. الثبات — متوسط 8 أشكال شبكات (seeds 12345, 1, 7, 42, 99, 2024, 31337, 555)
A26: البروتوكول | B26: الـ BS | C26: متوسط FND | D26: متوسط HND | E26: متوسط LND | F26: متوسط PDR
A27: v5b | B27: في النص | C27: 1688 | D27: 2119 | E27: 2374 | F27: 0.9756
A28: v8 | B28: في النص | C28: 2618 | D28: 2720 | E28: 2766 | F28: 0.9926
A29: v5b | B29: بعيد | C29: 1152 | D29: 1674 | E29: 2001 | F29: 0.9772
A30: v8 | B30: بعيد | C30: 1487 | D30: 1673 | E30: 1732 | F30: 0.9882
A32: الخلاصة: الإرسال المباشر للـ BS (I4) وترشيح الأقوياء بس (I5) هما سبب معظم الزيادة في العمر. التسليم الاستباقي (I2) بيزوّد الـ PDR.
A33: I1 وI3 شبكة أمان: مالهمش أثر لما كل الآليات شغّالة مع بعض في الـ seed ده. التوجيه الذكي مابيشتغلش خالص لما الـ BS في النص، وبيعمل سلسلة لوحده لما الـ BS بعيد.
