Workbook

Sheet Full Comparison
A1: Complete Protocol Comparison: Original Papers → Original Code → Edited → Improved → Proposed (v1→v8)
A2: "Original Paper" = numbers/graphs as published by the protocol's authors. "Our NS-3 Original (paper-exact)" = our reproduction under the paper's own settings. "Edited" = reproduced under this thesis's unified 100x100m / 100-node environment. "Improved" = Edited version plus this thesis's own targeted modification. "Proposed" = this thesis's own v1-v7.2 protocol family (original contribution).
A4: Protocol Family | B4: Stage | C4: Variant / Version | D4: FND (rounds) | E4: HND (rounds) | F4: LND (rounds) | G4: PDR (%) | H4: Source / Notes
A5: LEACH | B5: Original Paper | C5: — | D5: 932 | E5: N/A | F5: 1312 | G5: N/A | H5: Heinzelman, Chandrakasan & Balakrishnan 2000, Table 2 (0.5J)
B6: Our NS-3 Original (paper-exact) | C6: — | D6: 882 | E6: 970 | F6: 1321 | G6: 0.9802 | H6: Reproduced under the paper's own settings
B7: Our NS-3 Edited (unified env.) | C7: — | D7: 1409 | E7: 1626 | F7: 1962 | G7: 0.9837 | H7: Unified 100x100m / 100-node environment used for all thesis comparisons
A8: HEED | B8: Original Paper | C8: — | D8: Graph only | E8: N/A | F8: Graph only | G8: N/A | H8: Younis & Fahmy 2004, Fig. 8a/8b (no exact numeric table)
B9: Our NS-3 Original (paper-exact) | C9: — | D9: 1106 | E9: 1626 | F9: 1996 | G9: 0.9997 | H9: Reproduced under the paper's own settings
B10: Our NS-3 Edited (unified env.) | C10: Original variant | D10: 323 | E10: 570 | F10: 1362 | G10: 0.9969 | H10: Unified 100x100m / 100-node environment
B11: Our NS-3 Edited (unified env.) | C11: Modified variant | D11: 338 | E11: 549 | F11: 1502 | G11: 0.9967 | H11: Unified environment, modified cost-function variant
A12: PEGASIS | B12: Original Paper | C12: — | D12: 1578 | E12: 2082 | F12: 2192 | G12: N/A | H12: Lindsey & Raghavendra 2002, Table 1 (50x50m, 0.5J)
B13: Our NS-3 Original (paper-exact) | C13: — | D13: 1614 | E13: 2036 | F13: 2167 | G13: 0.9775 | H13: Reproduced under the paper's own settings
B14: Our NS-3 Edited (unified env.) | C14: — | D14: 1324 | E14: 2353 | F14: 2887 | G14: 0.9867 | H14: Unified 100x100m / 100-node environment
A15: SH-LEACH | B15: Original Paper | C15: — | D15: Graph only | E15: N/A | F15: Graph only | G15: N/A | H15: Shrestha, Kim, Jung & Lee 2015, Fig. 2 (no exact numeric table)
B16: Our NS-3 Original (paper-exact) | C16: — | D16: 493 | E16: 747 | F16: 884 | G16: 0.9953 | H16: Reproduced under the paper's own settings
B17: Our NS-3 Edited (unified env.) | C17: — | D17: 1440 | E17: 1584 | F17: 1604 | G17: 0.9917 | H17: Unified 100x100m / 100-node environment
B18: Our NS-3 Edited + Improvement | C18: — | D18: 1247 | E18: 1600 | F18: 1649 | G18: 0.9979 | H18: This thesis's own targeted modification on top of the Edited version
A19: H-LEACH | B19: Original Paper | C19: approx. from graph | D19: N/A | E19: N/A | F19: ~4312 | G19: N/A | H19: Razaque, Mudigulam, Gavini, Amsaad, Abdulgader & Krishna 2016, Fig. 2
B20: Our NS-3 Original (paper-exact) | C20: — | D20: 1080 | E20: 1160 | F20: 1210 | G20: 0.9475 | H20: Reproduced under the paper's own settings
B21: Our NS-3 Edited (unified env.) | C21: — | D21: 2177 | E21: 2255 | F21: 2305 | G21: 0.9733 | H21: Unified 100x100m / 100-node environment
B22: Our NS-3 Edited + Improvement | C22: — | D22: 2347 | E22: 2449 | F22: 2499 | G22: 0.9733 | H22: This thesis's own targeted modification on top of the Edited version
A23: EECH-HEED (context only) | B23: Original Paper | C23: — | D23: 1250 | E23: 1650 | F23: 2200 | G23: 0.95 | H23: Kaur, Kour & Singh 2025, Table 7 (HEED+EECH hybrid, NOT LEACH+HEED — context only)
B24: Our NS-3 Original (paper-exact) | C24: — | D24: 792 | E24: 1079 | F24: 1129 | G24: 0.9043 | H24: Reproduced under the paper's own settings
B25: Our NS-3 Edited (unified env.) | C25: — | D25: 1653 | E25: 2134 | F25: 2184 | G25: 0.9168 | H25: Unified 100x100m / 100-node environment
B26: Our NS-3 Edited + Improvement | C26: — | D26: 2502 | E26: 3758 | F26: 3808 | G26: 0.9214 | H26: This thesis's own targeted modification on top of the Edited version
A27: Proposed Protocol (v1-v8) | B27: Proposed | C27: v1 | D27: 330 | E27: 557 | F27: 1318 | G27: 0.9974 | H27: HEED-style CH selection + LEACH clustering, no multi-round reuse
B28: Proposed | C28: v2 | D28: 345 | E28: 534 | F28: 1393 | G28: 0.9979 | H28: + Rotation fairness penalty
B29: Proposed | C29: v3 | D29: 1730 | E29: 2081 | F29: 2703 | G29: 0.9772 | H29: Single-pass Energy x Connectivity score + multi-round reuse (root-cause redesign)
B30: Proposed | C30: v4 | D30: 1513 | E30: 2219 | F30: 2521 | G30: 0.9467 | H30: Longer setup interval: 5 → 15 rounds
B31: Proposed | C31: v5 | D31: 1513 | E31: 2127 | F31: 2416 | G31: 0.9705 | H31: + Backup CH Failover
B32: Proposed | C32: v6 (Center BS) | D32: 1551 | E32: 1981 | F32: 2106 | G32: 0.97494 | H32: + CH-to-CH Chain; BS at field center
B33: Proposed | C33: v6 (Far BS) | D33: 1266 | E33: 1910 | F33: 2031 | G33: 0.97075 | H33: + CH-to-CH Chain; BS far from field
B34: Proposed | C34: v7 (Center BS) | D34: 1551 | E34: 1976 | F34: 2066 | G34: 0.98432 | H34: Chain + Backup Failover + Chain Repair
B35: Proposed | C35: v7 (Far BS) | D35: 1266 | E35: 1891 | F35: 1976 | G35: 0.98135 | H35: Chain + Backup Failover + Chain Repair; Far BS
B36: Proposed | C36: v7.1 (Multihop, Interval=5) | D36: 1491 | E36: 1991 | F36: 2086 | G36: 0.9849 | H36: Greedy multihop routing replaces the ordered chain
B37: Proposed | C37: v7.2 (Multihop, Interval=10) | D37: 1381 | E37: 2071 | F37: 2241 | G37: 0.97878 | H37: Same multihop routing, longer setup interval (5→10)
B38: Proposed | C38: v5b (Interval=5, Energy-Aware Repair) | D38: 1730 | E38: 2091 | F38: 3203 | G38: 0.973087 | H38: v3 interval (5) + Backup Failover + Chain/Cluster Repair + Energy-Aware Repair (5% of E0). NOTE: LND inflated by stranded nodes; last 1038 rounds delivered 59 packets total
B39: Proposed | C39: v8 (Center BS) | D39: 2621 | E39: 2711 | F39: 2761 | G39: 0.992224 | H39: v5b + epoch-exhaustion fix + proactive CH handover + orphan re-join + direct-to-BS + energy-gated CH + relative low-energy threshold
B40: Proposed | C40: v8 (Far BS) | D40: 1471 | E40: 1646 | F40: 1716 | G40: 0.986599 | H40: Same v8 code, BS far (50,-100); direct-to-BS rarely fires (76 packets)

Sheet Improvement vs Original Code
A1: % Change vs. "Our NS-3 Original (paper-exact)" baseline — formulas reference Sheet 'Full Comparison'
A3: Protocol Family | B3: Stage | C3: Variant | D3: FND Δ% | E3: HND Δ% | F3: LND Δ% | G3: PDR Δ (pp)
A4: LEACH | B4: Original Paper | C4: — | D4: =('Full Comparison'!D5-'Full Comparison'!D6)/'Full Comparison'!D6 -> 0.056689342 | E4: n/a | F4: =('Full Comparison'!F5-'Full Comparison'!F6)/'Full Comparison'!F6 -> -0.0068130204 | G4: n/a
A5: LEACH | B5: Our NS-3 Original (paper-exact) | C5: — | D5: baseline | E5: baseline | F5: baseline | G5: baseline
A6: LEACH | B6: Our NS-3 Edited (unified env.) | C6: — | D6: =('Full Comparison'!D7-'Full Comparison'!D6)/'Full Comparison'!D6 -> 0.59750567 | E6: =('Full Comparison'!E7-'Full Comparison'!E6)/'Full Comparison'!E6 -> 0.67628866 | F6: =('Full Comparison'!F7-'Full Comparison'!F6)/'Full Comparison'!F6 -> 0.48523846 | G6: =IF(AND(ISNUMBER('Full Comparison'!G7),ISNUMBER('Full Comparison'!G6)),('Full Comparison'!G7-'Full Comparison'!G6)*100,"n/a") -> 0.35
A7: HEED | B7: Original Paper | C7: — | D7: n/a | E7: n/a | F7: n/a | G7: n/a
A8: HEED | B8: Our NS-3 Original (paper-exact) | C8: — | D8: baseline | E8: baseline | F8: baseline | G8: baseline
A9: HEED | B9: Our NS-3 Edited (unified env.) | C9: Original variant | D9: =('Full Comparison'!D10-'Full Comparison'!D9)/'Full Comparison'!D9 -> -0.7079566 | E9: =('Full Comparison'!E10-'Full Comparison'!E9)/'Full Comparison'!E9 -> -0.64944649 | F9: =('Full Comparison'!F10-'Full Comparison'!F9)/'Full Comparison'!F9 -> -0.31763527 | G9: =IF(AND(ISNUMBER('Full Comparison'!G10),ISNUMBER('Full Comparison'!G9)),('Full Comparison'!G10-'Full Comparison'!G9)*100,"n/a") -> -0.28
A10: HEED | B10: Our NS-3 Edited (unified env.) | C10: Modified variant | D10: =('Full Comparison'!D11-'Full Comparison'!D9)/'Full Comparison'!D9 -> -0.69439421 | E10: =('Full Comparison'!E11-'Full Comparison'!E9)/'Full Comparison'!E9 -> -0.66236162 | F10: =('Full Comparison'!F11-'Full Comparison'!F9)/'Full Comparison'!F9 -> -0.24749499 | G10: =IF(AND(ISNUMBER('Full Comparison'!G11),ISNUMBER('Full Comparison'!G9)),('Full Comparison'!G11-'Full Comparison'!G9)*100,"n/a") -> -0.3
A11: PEGASIS | B11: Original Paper | C11: — | D11: =('Full Comparison'!D12-'Full Comparison'!D13)/'Full Comparison'!D13 -> -0.022304833 | E11: =('Full Comparison'!E12-'Full Comparison'!E13)/'Full Comparison'!E13 -> 0.02259332 | F11: =('Full Comparison'!F12-'Full Comparison'!F13)/'Full Comparison'!F13 -> 0.011536687 | G11: n/a
A12: PEGASIS | B12: Our NS-3 Original (paper-exact) | C12: — | D12: baseline | E12: baseline | F12: baseline | G12: baseline
A13: PEGASIS | B13: Our NS-3 Edited (unified env.) | C13: — | D13: =('Full Comparison'!D14-'Full Comparison'!D13)/'Full Comparison'!D13 -> -0.17967782 | E13: =('Full Comparison'!E14-'Full Comparison'!E13)/'Full Comparison'!E13 -> 0.15569745 | F13: =('Full Comparison'!F14-'Full Comparison'!F13)/'Full Comparison'!F13 -> 0.33225658 | G13: =IF(AND(ISNUMBER('Full Comparison'!G14),ISNUMBER('Full Comparison'!G13)),('Full Comparison'!G14-'Full Comparison'!G13)*100,"n/a") -> 0.92
A14: SH-LEACH | B14: Original Paper | C14: — | D14: n/a | E14: n/a | F14: n/a | G14: n/a
A15: SH-LEACH | B15: Our NS-3 Original (paper-exact) | C15: — | D15: baseline | E15: baseline | F15: baseline | G15: baseline
A16: SH-LEACH | B16: Our NS-3 Edited (unified env.) | C16: — | D16: =('Full Comparison'!D17-'Full Comparison'!D16)/'Full Comparison'!D16 -> 1.9208925 | E16: =('Full Comparison'!E17-'Full Comparison'!E16)/'Full Comparison'!E16 -> 1.1204819 | F16: =('Full Comparison'!F17-'Full Comparison'!F16)/'Full Comparison'!F16 -> 0.81447964 | G16: =IF(AND(ISNUMBER('Full Comparison'!G17),ISNUMBER('Full Comparison'!G16)),('Full Comparison'!G17-'Full Comparison'!G16)*100,"n/a") -> -0.36
A17: SH-LEACH | B17: Our NS-3 Edited + Improvement | C17: — | D17: =('Full Comparison'!D18-'Full Comparison'!D16)/'Full Comparison'!D16 -> 1.5294118 | E17: =('Full Comparison'!E18-'Full Comparison'!E16)/'Full Comparison'!E16 -> 1.1419009 | F17: =('Full Comparison'!F18-'Full Comparison'!F16)/'Full Comparison'!F16 -> 0.86538462 | G17: =IF(AND(ISNUMBER('Full Comparison'!G18),ISNUMBER('Full Comparison'!G16)),('Full Comparison'!G18-'Full Comparison'!G16)*100,"n/a") -> 0.26
A18: H-LEACH | B18: Original Paper | C18: approx. from graph | D18: n/a | E18: n/a | F18: n/a | G18: n/a
A19: H-LEACH | B19: Our NS-3 Original (paper-exact) | C19: — | D19: baseline | E19: baseline | F19: baseline | G19: baseline
A20: H-LEACH | B20: Our NS-3 Edited (unified env.) | C20: — | D20: =('Full Comparison'!D21-'Full Comparison'!D20)/'Full Comparison'!D20 -> 1.0157407 | E20: =('Full Comparison'!E21-'Full Comparison'!E20)/'Full Comparison'!E20 -> 0.94396552 | F20: =('Full Comparison'!F21-'Full Comparison'!F20)/'Full Comparison'!F20 -> 0.90495868 | G20: =IF(AND(ISNUMBER('Full Comparison'!G21),ISNUMBER('Full Comparison'!G20)),('Full Comparison'!G21-'Full Comparison'!G20)*100,"n/a") -> 2.58
A21: H-LEACH | B21: Our NS-3 Edited + Improvement | C21: — | D21: =('Full Comparison'!D22-'Full Comparison'!D20)/'Full Comparison'!D20 -> 1.1731481 | E21: =('Full Comparison'!E22-'Full Comparison'!E20)/'Full Comparison'!E20 -> 1.1112069 | F21: =('Full Comparison'!F22-'Full Comparison'!F20)/'Full Comparison'!F20 -> 1.0652893 | G21: =IF(AND(ISNUMBER('Full Comparison'!G22),ISNUMBER('Full Comparison'!G20)),('Full Comparison'!G22-'Full Comparison'!G20)*100,"n/a") -> 2.58
A22: EECH-HEED (context only) | B22: Original Paper | C22: — | D22: =('Full Comparison'!D23-'Full Comparison'!D24)/'Full Comparison'!D24 -> 0.57828283 | E22: =('Full Comparison'!E23-'Full Comparison'!E24)/'Full Comparison'!E24 -> 0.5291937 | F22: =('Full Comparison'!F23-'Full Comparison'!F24)/'Full Comparison'!F24 -> 0.9486271 | G22: =IF(AND(ISNUMBER('Full Comparison'!G23),ISNUMBER('Full Comparison'!G24)),('Full Comparison'!G23-'Full Comparison'!G24)*100,"n/a") -> 4.57
A23: EECH-HEED (context only) | B23: Our NS-3 Original (paper-exact) | C23: — | D23: baseline | E23: baseline | F23: baseline | G23: baseline
A24: EECH-HEED (context only) | B24: Our NS-3 Edited (unified env.) | C24: — | D24: =('Full Comparison'!D25-'Full Comparison'!D24)/'Full Comparison'!D24 -> 1.0871212 | E24: =('Full Comparison'!E25-'Full Comparison'!E24)/'Full Comparison'!E24 -> 0.97775718 | F24: =('Full Comparison'!F25-'Full Comparison'!F24)/'Full Comparison'!F24 -> 0.93445527 | G24: =IF(AND(ISNUMBER('Full Comparison'!G25),ISNUMBER('Full Comparison'!G24)),('Full Comparison'!G25-'Full Comparison'!G24)*100,"n/a") -> 1.25
A25: EECH-HEED (context only) | B25: Our NS-3 Edited + Improvement | C25: — | D25: =('Full Comparison'!D26-'Full Comparison'!D24)/'Full Comparison'!D24 -> 2.1590909 | E25: =('Full Comparison'!E26-'Full Comparison'!E24)/'Full Comparison'!E24 -> 2.4828545 | F25: =('Full Comparison'!F26-'Full Comparison'!F24)/'Full Comparison'!F24 -> 2.3728964 | G25: =IF(AND(ISNUMBER('Full Comparison'!G26),ISNUMBER('Full Comparison'!G24)),('Full Comparison'!G26-'Full Comparison'!G24)*100,"n/a") -> 1.71
A27: Proposed Protocol Family — % Change vs v1 (own baseline)
A28: Proposed Protocol (v1-v8) | B28: Proposed | C28: v1 | D28: baseline | E28: baseline | F28: baseline | G28: baseline
A29: Proposed Protocol (v1-v8) | B29: Proposed | C29: v2 | D29: =('Full Comparison'!D28-'Full Comparison'!D27)/'Full Comparison'!D27 -> 0.045454545 | E29: =('Full Comparison'!E28-'Full Comparison'!E27)/'Full Comparison'!E27 -> -0.041292639 | F29: =('Full Comparison'!F28-'Full Comparison'!F27)/'Full Comparison'!F27 -> 0.056904401 | G29: =('Full Comparison'!G28-'Full Comparison'!G27)*100 -> 0.05
A30: Proposed Protocol (v1-v8) | B30: Proposed | C30: v3 | D30: =('Full Comparison'!D29-'Full Comparison'!D27)/'Full Comparison'!D27 -> 4.2424242 | E30: =('Full Comparison'!E29-'Full Comparison'!E27)/'Full Comparison'!E27 -> 2.7360862 | F30: =('Full Comparison'!F29-'Full Comparison'!F27)/'Full Comparison'!F27 -> 1.0508346 | G30: =('Full Comparison'!G29-'Full Comparison'!G27)*100 -> -2.02
A31: Proposed Protocol (v1-v8) | B31: Proposed | C31: v4 | D31: =('Full Comparison'!D30-'Full Comparison'!D27)/'Full Comparison'!D27 -> 3.5848485 | E31: =('Full Comparison'!E30-'Full Comparison'!E27)/'Full Comparison'!E27 -> 2.983842 | F31: =('Full Comparison'!F30-'Full Comparison'!F27)/'Full Comparison'!F27 -> 0.91274659 | G31: =('Full Comparison'!G30-'Full Comparison'!G27)*100 -> -5.07
A32: Proposed Protocol (v1-v8) | B32: Proposed | C32: v5 | D32: =('Full Comparison'!D31-'Full Comparison'!D27)/'Full Comparison'!D27 -> 3.5848485 | E32: =('Full Comparison'!E31-'Full Comparison'!E27)/'Full Comparison'!E27 -> 2.8186715 | F32: =('Full Comparison'!F31-'Full Comparison'!F27)/'Full Comparison'!F27 -> 0.83308042 | G32: =('Full Comparison'!G31-'Full Comparison'!G27)*100 -> -2.69
A33: Proposed Protocol (v1-v8) | B33: Proposed | C33: v6 (Center BS) | D33: =('Full Comparison'!D32-'Full Comparison'!D27)/'Full Comparison'!D27 -> 3.7 | E33: =('Full Comparison'!E32-'Full Comparison'!E27)/'Full Comparison'!E27 -> 2.556553 | F33: =('Full Comparison'!F32-'Full Comparison'!F27)/'Full Comparison'!F27 -> 0.59787557 | G33: =('Full Comparison'!G32-'Full Comparison'!G27)*100 -> -2.246
A34: Proposed Protocol (v1-v8) | B34: Proposed | C34: v6 (Far BS) | D34: =('Full Comparison'!D33-'Full Comparison'!D27)/'Full Comparison'!D27 -> 2.8363636 | E34: =('Full Comparison'!E33-'Full Comparison'!E27)/'Full Comparison'!E27 -> 2.4290844 | F34: =('Full Comparison'!F33-'Full Comparison'!F27)/'Full Comparison'!F27 -> 0.54097117 | G34: =('Full Comparison'!G33-'Full Comparison'!G27)*100 -> -2.665
A35: Proposed Protocol (v1-v8) | B35: Proposed | C35: v7 (Center BS) | D35: =('Full Comparison'!D34-'Full Comparison'!D27)/'Full Comparison'!D27 -> 3.7 | E35: =('Full Comparison'!E34-'Full Comparison'!E27)/'Full Comparison'!E27 -> 2.5475763 | F35: =('Full Comparison'!F34-'Full Comparison'!F27)/'Full Comparison'!F27 -> 0.56752656 | G35: =('Full Comparison'!G34-'Full Comparison'!G27)*100 -> -1.308
A36: Proposed Protocol (v1-v8) | B36: Proposed | C36: v7 (Far BS) | D36: =('Full Comparison'!D35-'Full Comparison'!D27)/'Full Comparison'!D27 -> 2.8363636 | E36: =('Full Comparison'!E35-'Full Comparison'!E27)/'Full Comparison'!E27 -> 2.3949731 | F36: =('Full Comparison'!F35-'Full Comparison'!F27)/'Full Comparison'!F27 -> 0.49924127 | G36: =('Full Comparison'!G35-'Full Comparison'!G27)*100 -> -1.605
A37: Proposed Protocol (v1-v8) | B37: Proposed | C37: v7.1 (Multihop, Interval=5) | D37: =('Full Comparison'!D36-'Full Comparison'!D27)/'Full Comparison'!D27 -> 3.5181818 | E37: =('Full Comparison'!E36-'Full Comparison'!E27)/'Full Comparison'!E27 -> 2.5745063 | F37: =('Full Comparison'!F36-'Full Comparison'!F27)/'Full Comparison'!F27 -> 0.58270106 | G37: =('Full Comparison'!G36-'Full Comparison'!G27)*100 -> -1.25
A38: Proposed Protocol (v1-v8) | B38: Proposed | C38: v7.2 (Multihop, Interval=10) | D38: =('Full Comparison'!D37-'Full Comparison'!D27)/'Full Comparison'!D27 -> 3.1848485 | E38: =('Full Comparison'!E37-'Full Comparison'!E27)/'Full Comparison'!E27 -> 2.7181329 | F38: =('Full Comparison'!F37-'Full Comparison'!F27)/'Full Comparison'!F27 -> 0.70030349 | G38: =('Full Comparison'!G37-'Full Comparison'!G27)*100 -> -1.862
A39: Proposed Protocol (v1-v8) | B39: Proposed | C39: v5b (Interval=5, Energy-Aware Repair) | D39: =('Full Comparison'!D38-'Full Comparison'!D27)/'Full Comparison'!D27 -> 4.2424242 | E39: =('Full Comparison'!E38-'Full Comparison'!E27)/'Full Comparison'!E27 -> 2.7540395 | F39: =('Full Comparison'!F38-'Full Comparison'!F27)/'Full Comparison'!F27 -> 1.4301973 | G39: =('Full Comparison'!G38-'Full Comparison'!G27)*100 -> -2.4313
A40: Proposed Protocol (v1-v8) | B40: Proposed | C40: v8 (Center BS) | D40: =('Full Comparison'!D39-'Full Comparison'!D27)/'Full Comparison'!D27 -> 6.9424242 | E40: =('Full Comparison'!E39-'Full Comparison'!E27)/'Full Comparison'!E27 -> 3.8671454 | F40: =('Full Comparison'!F39-'Full Comparison'!F27)/'Full Comparison'!F27 -> 1.0948407 | G40: =('Full Comparison'!G39-'Full Comparison'!G27)*100 -> -0.5176
A41: Proposed Protocol (v1-v8) | B41: Proposed | C41: v8 (Far BS) | D41: =('Full Comparison'!D40-'Full Comparison'!D27)/'Full Comparison'!D27 -> 3.4575758 | E41: =('Full Comparison'!E40-'Full Comparison'!E27)/'Full Comparison'!E27 -> 1.9551167 | F41: =('Full Comparison'!F40-'Full Comparison'!F27)/'Full Comparison'!F27 -> 0.30197269 | G41: =('Full Comparison'!G40-'Full Comparison'!G27)*100 -> -1.0801

Sheet v8 Ablation & Robustness
A1: A. Leave-one-out ablation of v8 (Center BS, seed 12345) — each row disables ONE mechanism
A2: Variant | B2: Mechanism removed | C2: FND | D2: HND | E2: LND | F2: PDR (%) | G2: Delivered packets | H2: Backup promotions (ok/rejected) | I2: Proactive handovers | J2: Direct-to-BS packets
A3: v8 (full) | B3: — | C3: 2621 | D3: 2711 | E3: 2761 | F3: 0.992224 | G3: 268610 | H3: 18/11 | I3: 26 | J3: 118986
A4: v8 − I1 | B4: Epoch-exhaustion fix | C4: 2621 | D4: 2711 | E4: 2761 | F4: 0.992224 | G4: 268610 | H4: 18/11 | I4: 26 | J4: 118986
A5: v8 − I2 | B5: Proactive CH handover | C5: 2585 | D5: 2726 | E5: 2766 | F5: 0.989804 | G5: 268509 | H5: 21/6 | I5: 0 | J5: 118748
A6: v8 − I3 | B6: Orphan re-join | C6: 2621 | D6: 2711 | E6: 2761 | F6: 0.992224 | G6: 268610 | H6: 18/11 | I6: 26 | J6: 118986
A7: v8 − I4 | B7: Direct-to-BS | C7: 1821 | D7: 2001 | E7: 2076 | F7: 0.993171 | G7: 198218 | H7: 7/8 | I7: 37 | J7: 0
A8: v8 − I5 | B8: Energy-gated CH election | C8: 2171 | D8: 2641 | E8: 2746 | F8: 0.990522 | G8: 258228 | H8: 9/7 | I8: 18 | J8: 92706
A9: v8 − all of I1..I5 | B9: Only relative low-energy threshold kept | C9: 1730 | D9: 2086 | E9: 2166 | F9: 0.98163 | G9: 201565 | H9: 26/4 | I9: 0 | J9: 0
A10: Reading: I4 (direct-to-BS) and I5 (energy gate) carry most of the lifetime gain; I2 adds PDR; I1 and I3 had no measurable effect in the full combination for this seed (safety nets — I1 alone removed 998 zero-CH rounds from v5b).
A12: B. Robustness across 8 random topologies (seeds 12345, 1, 7, 42, 99, 2024, 31337, 555) — mean values
A13: Variant | B13: BS position | C13: FND | D13: HND | E13: LND | F13: PDR (%)
A14: v5b | B14: Center (50,50) | C14: 1688 | D14: 2119 | E14: 2374 | F14: 0.9756
A15: v8 | B15: Center (50,50) | C15: 2618 | D15: 2720 | E15: 2766 | F15: 0.9926
A16: v5b | B16: Far (50,-100) | C16: 1152 | D16: 1674 | E16: 2001 | F16: 0.9772
A17: v8 | B17: Far (50,-100) | C17: 1487 | D17: 1673 | E17: 1732 | F17: 0.9882
A18: Source: this thesis's own simulation runs (hybrid-v5b-energyaware.cc, hybrid-v6-optimized.cc = v8), same unified environment as all other rows.
