Workbook

Sheet README
A1: Results comparison — v8-Chain thesis
A2: Every number comes from results/summary_all.csv (sheet "All runs", blue = raw input).
A3: All other sheets look those numbers up with INDEX/MATCH (black = formula, green = link to another sheet).
A4: To update after new simulations: replace the rows of "All runs"; everything else recalculates.
A6: Sheets
A7: Comparison — best version of every family (unified environment, BS at the centre)
A8: Reproduction — published numbers vs. our code in each paper's own settings
A9: Hybrids — SH-LEACH, H-LEACH, EECH-HEED: original → unified → improved
A10: Evolution — proposed protocol v1 → v8-Chain
A11: Ablation — v8 with one improvement removed
A12: Routing — CH → BS routing mode, BS at the centre and far away
A13: Robustness — 8 random topologies
... A16: FND / HND / LND = round in which the first / half / last node dies. PDR = readings delivered ÷ readings generated.

Sheet All runs
A1: All simulation runs (raw input)
A2: Source: results/summary_all.csv — generated by the ns-3.41 codes in code/. Blue = input values.
A4: Group | B4: Run (code file) | C4: FND | D4: HND | E4: LND | F4: PDR
A5: 1_ORIGINAL | B5: eechheed_ORIGINAL | C5: 1121 | D5: 1954 | E5: 3783 | F5: 0.997831
A6: 1_ORIGINAL | B6: heed_ORIGINAL | C6: 734 | D6: 1384 | E6: 2259 | F6: 0.997956
A7: 1_ORIGINAL | B7: hleach_ORIGINAL | C7: 1078 | D7: 1157 | E7: 1207 | F7: 0.950353
A8: 1_ORIGINAL | B8: leach_ORIGINAL | C8: 1035 | D8: 1152 | E8: 1327 | F8: 0.986211
A9: 1_ORIGINAL | B9: pegasis_ORIGINAL | C9: 1616 | D9: 2017 | E9: 2186 | F9: 0.988595
A10: 1_ORIGINAL | B10: shleach_ORIGINAL | C10: 484 | D10: 583 | E10: 689 | F10: 0.996585
A11: 2_EDITED | B11: eechheed_EDITED | C11: 1277 | D11: 1384 | E11: 1543 | F11: 0.994936
A12: 2_EDITED | B12: heed_EDITED | C12: 658 | D12: 1197 | E12: 1875 | F12: 0.996512
A13: 2_EDITED | B13: heed_fairness_EDITED | C13: 738 | D13: 1157 | E13: 1969 | F13: 0.996732
A14: 2_EDITED | B14: hleach_EDITED | C14: 1384 | D14: 1419 | E14: 1434 | F14: 0.992968
A15: 2_EDITED | B15: leach_EDITED | C15: 1383 | D15: 1586 | E15: 1842 | F15: 0.993952
A16: 2_EDITED | B16: pegasis_EDITED | C16: 1324 | D16: 2352 | E16: 3504 | F16: 0.994186
... A214: security_proposal | B214: sec_v8chain_far_s9_bs_rsa | C214: 346 | D214: 746 | E214: 846 | F214: 0.9488

Sheet Comparison
A1: Best version of every family — unified environment, BS at the centre
A2: FND gain = v8-Chain FND ÷ protocol FND − 1 (the v8-Chain row is the reference).
A4: Protocol | B4: Run | C4: Family | D4: FND | E4: HND | F4: LND | G4: PDR | H4: v8-Chain FND gain | I4: PDR difference (pp)
A5: LEACH | B5: leach_EDITED | C5: Baseline | D5: =INDEX('All runs'!$C:$C,MATCH($B5,'All runs'!$B:$B,0)) -> 1383 | E5: =INDEX('All runs'!$D:$D,MATCH($B5,'All runs'!$B:$B,0)) -> 1586 | F5: =INDEX('All runs'!$E:$E,MATCH($B5,'All runs'!$B:$B,0)) -> 1842 | G5: =INDEX('All runs'!$F:$F,MATCH($B5,'All runs'!$B:$B,0)) -> 0.993952 | H5: =IF(D5=0,"",$D$15/D5-1) -> 0.76861894 | I5: =($G$15-G5)*100 -> 0.3216
A6: HEED | B6: heed_EDITED | C6: Baseline | D6: =INDEX('All runs'!$C:$C,MATCH($B6,'All runs'!$B:$B,0)) -> 658 | E6: =INDEX('All runs'!$D:$D,MATCH($B6,'All runs'!$B:$B,0)) -> 1197 | F6: =INDEX('All runs'!$E:$E,MATCH($B6,'All runs'!$B:$B,0)) -> 1875 | G6: =INDEX('All runs'!$F:$F,MATCH($B6,'All runs'!$B:$B,0)) -> 0.996512 | H6: =IF(D6=0,"",$D$15/D6-1) -> 2.7173252 | I6: =($G$15-G6)*100 -> 0.0656
A7: HEED + fairness | B7: heed_fairness_EDITED | C7: Baseline variant | D7: =INDEX('All runs'!$C:$C,MATCH($B7,'All runs'!$B:$B,0)) -> 738 | E7: =INDEX('All runs'!$D:$D,MATCH($B7,'All runs'!$B:$B,0)) -> 1157 | F7: =INDEX('All runs'!$E:$E,MATCH($B7,'All runs'!$B:$B,0)) -> 1969 | G7: =INDEX('All runs'!$F:$F,MATCH($B7,'All runs'!$B:$B,0)) -> 0.996732 | H7: =IF(D7=0,"",$D$15/D7-1) -> 2.3143631 | I7: =($G$15-G7)*100 -> 0.0436
A8: PEGASIS | B8: pegasis_EDITED | C8: Baseline | D8: =INDEX('All runs'!$C:$C,MATCH($B8,'All runs'!$B:$B,0)) -> 1324 | E8: =INDEX('All runs'!$D:$D,MATCH($B8,'All runs'!$B:$B,0)) -> 2352 | F8: =INDEX('All runs'!$E:$E,MATCH($B8,'All runs'!$B:$B,0)) -> 3504 | G8: =INDEX('All runs'!$F:$F,MATCH($B8,'All runs'!$B:$B,0)) -> 0.994186 | H8: =IF(D8=0,"",$D$15/D8-1) -> 0.84743202 | I8: =($G$15-G8)*100 -> 0.2982
A9: SH-LEACH | B9: shleach_EDITED | C9: Literature hybrid | D9: =INDEX('All runs'!$C:$C,MATCH($B9,'All runs'!$B:$B,0)) -> 647 | E9: =INDEX('All runs'!$D:$D,MATCH($B9,'All runs'!$B:$B,0)) -> 702 | F9: =INDEX('All runs'!$E:$E,MATCH($B9,'All runs'!$B:$B,0)) -> 721 | G9: =INDEX('All runs'!$F:$F,MATCH($B9,'All runs'!$B:$B,0)) -> 0.985844 | H9: =IF(D9=0,"",$D$15/D9-1) -> 2.7805255 | I9: =($G$15-G9)*100 -> 1.1324
A10: SH-LEACH+ | B10: shleach_IMPROVED | C10: Literature hybrid (improved) | D10: =INDEX('All runs'!$C:$C,MATCH($B10,'All runs'!$B:$B,0)) -> 1480 | E10: =INDEX('All runs'!$D:$D,MATCH($B10,'All runs'!$B:$B,0)) -> 1542 | F10: =INDEX('All runs'!$E:$E,MATCH($B10,'All runs'!$B:$B,0)) -> 1558 | G10: =INDEX('All runs'!$F:$F,MATCH($B10,'All runs'!$B:$B,0)) -> 0.992063 | H10: =IF(D10=0,"",$D$15/D10-1) -> 0.6527027 | I10: =($G$15-G10)*100 -> 0.5105
A11: H-LEACH | B11: hleach_EDITED | C11: Literature hybrid | D11: =INDEX('All runs'!$C:$C,MATCH($B11,'All runs'!$B:$B,0)) -> 1384 | E11: =INDEX('All runs'!$D:$D,MATCH($B11,'All runs'!$B:$B,0)) -> 1419 | F11: =INDEX('All runs'!$E:$E,MATCH($B11,'All runs'!$B:$B,0)) -> 1434 | G11: =INDEX('All runs'!$F:$F,MATCH($B11,'All runs'!$B:$B,0)) -> 0.992968 | H11: =IF(D11=0,"",$D$15/D11-1) -> 0.76734104 | I11: =($G$15-G11)*100 -> 0.42
A12: H-LEACH+ | B12: hleach_IMPROVED | C12: Literature hybrid (improved) | D12: =INDEX('All runs'!$C:$C,MATCH($B12,'All runs'!$B:$B,0)) -> 1473 | E12: =INDEX('All runs'!$D:$D,MATCH($B12,'All runs'!$B:$B,0)) -> 1509 | F12: =INDEX('All runs'!$E:$E,MATCH($B12,'All runs'!$B:$B,0)) -> 1525 | G12: =INDEX('All runs'!$F:$F,MATCH($B12,'All runs'!$B:$B,0)) -> 0.993617 | H12: =IF(D12=0,"",$D$15/D12-1) -> 0.66055669 | I12: =($G$15-G12)*100 -> 0.3551
A13: EECH-HEED | B13: eechheed_EDITED | C13: Recent hybrid | D13: =INDEX('All runs'!$C:$C,MATCH($B13,'All runs'!$B:$B,0)) -> 1277 | E13: =INDEX('All runs'!$D:$D,MATCH($B13,'All runs'!$B:$B,0)) -> 1384 | F13: =INDEX('All runs'!$E:$E,MATCH($B13,'All runs'!$B:$B,0)) -> 1543 | G13: =INDEX('All runs'!$F:$F,MATCH($B13,'All runs'!$B:$B,0)) -> 0.994936 | H13: =IF(D13=0,"",$D$15/D13-1) -> 0.91542678 | I13: =($G$15-G13)*100 -> 0.2232
A14: EECH-HEED+ | B14: eechheed_IMPROVED | C14: Recent hybrid (improved) | D14: =INDEX('All runs'!$C:$C,MATCH($B14,'All runs'!$B:$B,0)) -> 1335 | E14: =INDEX('All runs'!$D:$D,MATCH($B14,'All runs'!$B:$B,0)) -> 1384 | F14: =INDEX('All runs'!$E:$E,MATCH($B14,'All runs'!$B:$B,0)) -> 1766 | G14: =INDEX('All runs'!$F:$F,MATCH($B14,'All runs'!$B:$B,0)) -> 0.996207 | H14: =IF(D14=0,"",$D$15/D14-1) -> 0.83220974 | I14: =($G$15-G14)*100 -> 0.0961
A15: v8-Chain | B15: v8_chain_center | C15: Proposed | D15: =INDEX('All runs'!$C:$C,MATCH($B15,'All runs'!$B:$B,0)) -> 2446 | E15: =INDEX('All runs'!$D:$D,MATCH($B15,'All runs'!$B:$B,0)) -> 2536 | F15: =INDEX('All runs'!$E:$E,MATCH($B15,'All runs'!$B:$B,0)) -> 2566 | G15: =INDEX('All runs'!$F:$F,MATCH($B15,'All runs'!$B:$B,0)) -> 0.997168 | H15: =IF(D15=0,"",$D$15/D15-1) -> 0 | I15: =($G$15-G15)*100 -> 0

Sheet Reproduction
A1: Published numbers vs. our reproduction in each paper's own settings
A2: Blue = published value typed from the paper (source in the last column). Difference = |ours − published| ÷ published.
A4: Protocol | B4: Run | C4: Pub. FND | D4: Pub. HND | E4: Pub. LND | F4: Our FND | G4: Our HND | H4: Our LND | I4: Our PDR | J4: FND diff. | K4: HND diff. | L4: LND diff. | M4: Source
A5: LEACH | B5: leach_ORIGINAL | C5: n/a | D5: n/a | E5: 1312 | F5: =INDEX('All runs'!$C:$C,MATCH($B5,'All runs'!$B:$B,0)) -> 1035 | G5: =INDEX('All runs'!$D:$D,MATCH($B5,'All runs'!$B:$B,0)) -> 1152 | H5: =INDEX('All runs'!$E:$E,MATCH($B5,'All runs'!$B:$B,0)) -> 1327 | I5: =INDEX('All runs'!$F:$F,MATCH($B5,'All runs'!$B:$B,0)) -> 0.986211 | J5: =IF(ISNUMBER(C5),ABS(F5-C5)/C5,"") | K5: =IF(ISNUMBER(D5),ABS(G5-D5)/D5,"") | L5: =IF(ISNUMBER(E5),ABS(H5-E5)/E5,"") -> 0.011432927 | M5: Heinzelman et al. 2000, Table 2 (0.5 J)
A6: HEED | B6: heed_ORIGINAL | C6: n/a | D6: n/a | E6: n/a | F6: =INDEX('All runs'!$C:$C,MATCH($B6,'All runs'!$B:$B,0)) -> 734 | G6: =INDEX('All runs'!$D:$D,MATCH($B6,'All runs'!$B:$B,0)) -> 1384 | H6: =INDEX('All runs'!$E:$E,MATCH($B6,'All runs'!$B:$B,0)) -> 2259 | I6: =INDEX('All runs'!$F:$F,MATCH($B6,'All runs'!$B:$B,0)) -> 0.997956 | J6: =IF(ISNUMBER(C6),ABS(F6-C6)/C6,"") | K6: =IF(ISNUMBER(D6),ABS(G6-D6)/D6,"") | L6: =IF(ISNUMBER(E6),ABS(H6-E6)/E6,"") | M6: Younis & Fahmy 2004 — graphs only
A7: PEGASIS | B7: pegasis_ORIGINAL | C7: 1578 | D7: 2082 | E7: 2192 | F7: =INDEX('All runs'!$C:$C,MATCH($B7,'All runs'!$B:$B,0)) -> 1616 | G7: =INDEX('All runs'!$D:$D,MATCH($B7,'All runs'!$B:$B,0)) -> 2017 | H7: =INDEX('All runs'!$E:$E,MATCH($B7,'All runs'!$B:$B,0)) -> 2186 | I7: =INDEX('All runs'!$F:$F,MATCH($B7,'All runs'!$B:$B,0)) -> 0.988595 | J7: =IF(ISNUMBER(C7),ABS(F7-C7)/C7,"") -> 0.024081115 | K7: =IF(ISNUMBER(D7),ABS(G7-D7)/D7,"") -> 0.031219981 | L7: =IF(ISNUMBER(E7),ABS(H7-E7)/E7,"") -> 0.0027372263 | M7: Lindsey & Raghavendra 2002, Table 1 (50×50 m)
A8: SH-LEACH | B8: shleach_ORIGINAL | C8: n/a | D8: n/a | E8: n/a | F8: =INDEX('All runs'!$C:$C,MATCH($B8,'All runs'!$B:$B,0)) -> 484 | G8: =INDEX('All runs'!$D:$D,MATCH($B8,'All runs'!$B:$B,0)) -> 583 | H8: =INDEX('All runs'!$E:$E,MATCH($B8,'All runs'!$B:$B,0)) -> 689 | I8: =INDEX('All runs'!$F:$F,MATCH($B8,'All runs'!$B:$B,0)) -> 0.996585 | J8: =IF(ISNUMBER(C8),ABS(F8-C8)/C8,"") | K8: =IF(ISNUMBER(D8),ABS(G8-D8)/D8,"") | L8: =IF(ISNUMBER(E8),ABS(H8-E8)/E8,"") | M8: Shrestha et al. 2015 — graphs only
A9: H-LEACH | B9: hleach_ORIGINAL | C9: n/a | D9: n/a | E9: 4312 | F9: =INDEX('All runs'!$C:$C,MATCH($B9,'All runs'!$B:$B,0)) -> 1078 | G9: =INDEX('All runs'!$D:$D,MATCH($B9,'All runs'!$B:$B,0)) -> 1157 | H9: =INDEX('All runs'!$E:$E,MATCH($B9,'All runs'!$B:$B,0)) -> 1207 | I9: =INDEX('All runs'!$F:$F,MATCH($B9,'All runs'!$B:$B,0)) -> 0.950353 | J9: =IF(ISNUMBER(C9),ABS(F9-C9)/C9,"") | K9: =IF(ISNUMBER(D9),ABS(G9-D9)/D9,"") | L9: =IF(ISNUMBER(E9),ABS(H9-E9)/E9,"") -> 0.72008349 | M9: Razaque et al. 2016 — read from Fig. 2
A10: EECH-HEED | B10: eechheed_ORIGINAL | C10: 1250 | D10: 1650 | E10: 2200 | F10: =INDEX('All runs'!$C:$C,MATCH($B10,'All runs'!$B:$B,0)) -> 1121 | G10: =INDEX('All runs'!$D:$D,MATCH($B10,'All runs'!$B:$B,0)) -> 1954 | H10: =INDEX('All runs'!$E:$E,MATCH($B10,'All runs'!$B:$B,0)) -> 3783 | I10: =INDEX('All runs'!$F:$F,MATCH($B10,'All runs'!$B:$B,0)) -> 0.997831 | J10: =IF(ISNUMBER(C10),ABS(F10-C10)/C10,"") -> 0.1032 | K10: =IF(ISNUMBER(D10),ABS(G10-D10)/D10,"") -> 0.18424242 | L10: =IF(ISNUMBER(E10),ABS(H10-E10)/E10,"") -> 0.71954545 | M10: Kaur, Kour & Singh 2025, Table 7
A12: H-LEACH's published 4312 comes from a constant per-round energy, not a radio model, so it is not comparable.

Sheet Hybrids
A1: Literature hybrids: original → unified → improved
A2: Improvement = improved ÷ unified − 1.
A4: Protocol | B4: Stage | C4: Run | D4: FND | E4: HND | F4: LND | G4: PDR | H4: What changed
A5: SH-LEACH | B5: Original | C5: shleach_ORIGINAL | D5: =INDEX('All runs'!$C:$C,MATCH($C5,'All runs'!$B:$B,0)) -> 484 | E5: =INDEX('All runs'!$D:$D,MATCH($C5,'All runs'!$B:$B,0)) -> 583 | F5: =INDEX('All runs'!$E:$E,MATCH($C5,'All runs'!$B:$B,0)) -> 689 | G5: =INDEX('All runs'!$F:$F,MATCH($C5,'All runs'!$B:$B,0)) -> 0.996585 | H5: paper settings (Eq. 3 as written)
A6: SH-LEACH | B6: Edited | C6: shleach_EDITED | D6: =INDEX('All runs'!$C:$C,MATCH($C6,'All runs'!$B:$B,0)) -> 647 | E6: =INDEX('All runs'!$D:$D,MATCH($C6,'All runs'!$B:$B,0)) -> 702 | F6: =INDEX('All runs'!$E:$E,MATCH($C6,'All runs'!$B:$B,0)) -> 721 | G6: =INDEX('All runs'!$F:$F,MATCH($C6,'All runs'!$B:$B,0)) -> 0.985844 | H6: unified environment
A7: SH-LEACH | B7: Improved | C7: shleach_IMPROVED | D7: =INDEX('All runs'!$C:$C,MATCH($C7,'All runs'!$B:$B,0)) -> 1480 | E7: =INDEX('All runs'!$D:$D,MATCH($C7,'All runs'!$B:$B,0)) -> 1542 | F7: =INDEX('All runs'!$E:$E,MATCH($C7,'All runs'!$B:$B,0)) -> 1558 | G7: =INDEX('All runs'!$F:$F,MATCH($C7,'All runs'!$B:$B,0)) -> 0.992063 | H7: round factor r → r mod 1/C_prob
A8: H-LEACH | B8: Original | C8: hleach_ORIGINAL | D8: =INDEX('All runs'!$C:$C,MATCH($C8,'All runs'!$B:$B,0)) -> 1078 | E8: =INDEX('All runs'!$D:$D,MATCH($C8,'All runs'!$B:$B,0)) -> 1157 | F8: =INDEX('All runs'!$E:$E,MATCH($C8,'All runs'!$B:$B,0)) -> 1207 | G8: =INDEX('All runs'!$F:$F,MATCH($C8,'All runs'!$B:$B,0)) -> 0.950353 | H8: paper settings (fallback CH needed)
A9: H-LEACH | B9: Edited | C9: hleach_EDITED | D9: =INDEX('All runs'!$C:$C,MATCH($C9,'All runs'!$B:$B,0)) -> 1384 | E9: =INDEX('All runs'!$D:$D,MATCH($C9,'All runs'!$B:$B,0)) -> 1419 | F9: =INDEX('All runs'!$E:$E,MATCH($C9,'All runs'!$B:$B,0)) -> 1434 | G9: =INDEX('All runs'!$F:$F,MATCH($C9,'All runs'!$B:$B,0)) -> 0.992968 | H9: unified environment
A10: H-LEACH | B10: Improved | C10: hleach_IMPROVED | D10: =INDEX('All runs'!$C:$C,MATCH($C10,'All runs'!$B:$B,0)) -> 1473 | E10: =INDEX('All runs'!$D:$D,MATCH($C10,'All runs'!$B:$B,0)) -> 1509 | F10: =INDEX('All runs'!$E:$E,MATCH($C10,'All runs'!$B:$B,0)) -> 1525 | G10: =INDEX('All runs'!$F:$F,MATCH($C10,'All runs'!$B:$B,0)) -> 0.993617 | H10: ≥ average + LEACH G-set
A11: EECH-HEED | B11: Original | C11: eechheed_ORIGINAL | D11: =INDEX('All runs'!$C:$C,MATCH($C11,'All runs'!$B:$B,0)) -> 1121 | E11: =INDEX('All runs'!$D:$D,MATCH($C11,'All runs'!$B:$B,0)) -> 1954 | F11: =INDEX('All runs'!$E:$E,MATCH($C11,'All runs'!$B:$B,0)) -> 3783 | G11: =INDEX('All runs'!$F:$F,MATCH($C11,'All runs'!$B:$B,0)) -> 0.997831 | H11: paper settings (sensing on, 56 J)
A12: EECH-HEED | B12: Edited | C12: eechheed_EDITED | D12: =INDEX('All runs'!$C:$C,MATCH($C12,'All runs'!$B:$B,0)) -> 1277 | E12: =INDEX('All runs'!$D:$D,MATCH($C12,'All runs'!$B:$B,0)) -> 1384 | F12: =INDEX('All runs'!$E:$E,MATCH($C12,'All runs'!$B:$B,0)) -> 1543 | G12: =INDEX('All runs'!$F:$F,MATCH($C12,'All runs'!$B:$B,0)) -> 0.994936 | H12: unified environment (sensing off)
A13: EECH-HEED | B13: Improved | C13: eechheed_IMPROVED | D13: =INDEX('All runs'!$C:$C,MATCH($C13,'All runs'!$B:$B,0)) -> 1335 | E13: =INDEX('All runs'!$D:$D,MATCH($C13,'All runs'!$B:$B,0)) -> 1384 | F13: =INDEX('All runs'!$E:$E,MATCH($C13,'All runs'!$B:$B,0)) -> 1766 | G13: =INDEX('All runs'!$F:$F,MATCH($C13,'All runs'!$B:$B,0)) -> 0.996207 | H13: zone-2 rotation at 10 % CH target
A15: Protocol | D15: FND gain | E15: HND gain | F15: LND gain | G15: PDR (pp)
A16: SH-LEACH | D16: =D7/D6-1 -> 1.2874807 | E16: =E7/E6-1 -> 1.1965812 | F16: =F7/F6-1 -> 1.1608877 | G16: =(G7-G6)*100 -> 0.6219
A17: H-LEACH | D17: =D10/D9-1 -> 0.064306358 | E17: =E10/E9-1 -> 0.063424947 | F17: =F10/F9-1 -> 0.063458856 | G17: =(G10-G9)*100 -> 0.0649
A18: EECH-HEED | D18: =D13/D12-1 -> 0.045418951 | E18: =E13/E12-1 -> 0 | F18: =F13/F12-1 -> 0.14452366 | G18: =(G13-G12)*100 -> 0.1271

Sheet Evolution
A1: Proposed protocol — every version
A2: Change vs v1 = FND ÷ v1 FND − 1.
A4: Version | B4: Run | C4: Change introduced | D4: FND | E4: HND | F4: LND | G4: PDR | H4: FND vs v1
A5: v1 | B5: v1_heed_election_leach_join | C5: HEED election + LEACH nearest join | D5: =INDEX('All runs'!$C:$C,MATCH($B5,'All runs'!$B:$B,0)) -> 320 | E5: =INDEX('All runs'!$D:$D,MATCH($B5,'All runs'!$B:$B,0)) -> 529 | F5: =INDEX('All runs'!$E:$E,MATCH($B5,'All runs'!$B:$B,0)) -> 1218 | G5: =INDEX('All runs'!$F:$F,MATCH($B5,'All runs'!$B:$B,0)) -> 0.997623 | H5: =D5/$D$5-1 -> 0
A6: v2 | B6: v2_fairness_penalty | C6: + rotation-fairness penalty | D6: =INDEX('All runs'!$C:$C,MATCH($B6,'All runs'!$B:$B,0)) -> 334 | E6: =INDEX('All runs'!$D:$D,MATCH($B6,'All runs'!$B:$B,0)) -> 528 | F6: =INDEX('All runs'!$E:$E,MATCH($B6,'All runs'!$B:$B,0)) -> 1285 | G6: =INDEX('All runs'!$F:$F,MATCH($B6,'All runs'!$B:$B,0)) -> 0.997665 | H6: =D6/$D$5-1 -> 0.04375
A7: v3 | B7: v3_single_pass_reuse_int5 | C7: single-pass score + 5-round reuse | D7: =INDEX('All runs'!$C:$C,MATCH($B7,'All runs'!$B:$B,0)) -> 1645 | E7: =INDEX('All runs'!$D:$D,MATCH($B7,'All runs'!$B:$B,0)) -> 2001 | F7: =INDEX('All runs'!$E:$E,MATCH($B7,'All runs'!$B:$B,0)) -> 2203 | G7: =INDEX('All runs'!$F:$F,MATCH($B7,'All runs'!$B:$B,0)) -> 0.983494 | H7: =D7/$D$5-1 -> 4.140625
A8: v4 | B8: v4_reuse_int15 | C8: reuse interval 15 | D8: =INDEX('All runs'!$C:$C,MATCH($B8,'All runs'!$B:$B,0)) -> 1513 | E8: =INDEX('All runs'!$D:$D,MATCH($B8,'All runs'!$B:$B,0)) -> 2158 | F8: =INDEX('All runs'!$E:$E,MATCH($B8,'All runs'!$B:$B,0)) -> 2416 | G8: =INDEX('All runs'!$F:$F,MATCH($B8,'All runs'!$B:$B,0)) -> 0.970722 | H8: =D8/$D$5-1 -> 3.728125
A9: v5 | B9: v5_backup_int15 | C9: + backup CH (interval 15) | D9: =INDEX('All runs'!$C:$C,MATCH($B9,'All runs'!$B:$B,0)) -> 1513 | E9: =INDEX('All runs'!$D:$D,MATCH($B9,'All runs'!$B:$B,0)) -> 2116 | F9: =INDEX('All runs'!$E:$E,MATCH($B9,'All runs'!$B:$B,0)) -> 2356 | G9: =INDEX('All runs'!$F:$F,MATCH($B9,'All runs'!$B:$B,0)) -> 0.984351 | H9: =D9/$D$5-1 -> 3.728125
A10: v5-exp (int 5) | B10: v5x_backup_repair_int5 | C10: backup + cluster repair, interval 5 | D10: =INDEX('All runs'!$C:$C,MATCH($B10,'All runs'!$B:$B,0)) -> 1645 | E10: =INDEX('All runs'!$D:$D,MATCH($B10,'All runs'!$B:$B,0)) -> 1996 | F10: =INDEX('All runs'!$E:$E,MATCH($B10,'All runs'!$B:$B,0)) -> 2081 | G10: =INDEX('All runs'!$F:$F,MATCH($B10,'All runs'!$B:$B,0)) -> 0.989505 | H10: =D10/$D$5-1 -> 4.140625
A11: v5-exp (int 10) | B11: v5x_backup_repair_int10 | C11: same, interval 10 | D11: =INDEX('All runs'!$C:$C,MATCH($B11,'All runs'!$B:$B,0)) -> 1540 | E11: =INDEX('All runs'!$D:$D,MATCH($B11,'All runs'!$B:$B,0)) -> 2090 | F11: =INDEX('All runs'!$E:$E,MATCH($B11,'All runs'!$B:$B,0)) -> 2259 | G11: =INDEX('All runs'!$F:$F,MATCH($B11,'All runs'!$B:$B,0)) -> 0.987008 | H11: =D11/$D$5-1 -> 3.8125
A12: v5b | B12: v5b_energy_aware_repair | C12: + energy-aware backup check | D12: =INDEX('All runs'!$C:$C,MATCH($B12,'All runs'!$B:$B,0)) -> 1645 | E12: =INDEX('All runs'!$D:$D,MATCH($B12,'All runs'!$B:$B,0)) -> 1996 | F12: =INDEX('All runs'!$E:$E,MATCH($B12,'All runs'!$B:$B,0)) -> 2116 | G12: =INDEX('All runs'!$F:$F,MATCH($B12,'All runs'!$B:$B,0)) -> 0.986194 | H12: =D12/$D$5-1 -> 4.140625
A13: v6 (centre) | B13: v6_chain_center | C13: ordered CH chain | D13: =INDEX('All runs'!$C:$C,MATCH($B13,'All runs'!$B:$B,0)) -> 1521 | E13: =INDEX('All runs'!$D:$D,MATCH($B13,'All runs'!$B:$B,0)) -> 1913 | F13: =INDEX('All runs'!$E:$E,MATCH($B13,'All runs'!$B:$B,0)) -> 2025 | G13: =INDEX('All runs'!$F:$F,MATCH($B13,'All runs'!$B:$B,0)) -> 0.985123 | H13: =D13/$D$5-1 -> 3.753125
A14: v6 (far BS) | B14: v6_chain_farBS | C14: ordered CH chain, BS (50,−100) | D14: =INDEX('All runs'!$C:$C,MATCH($B14,'All runs'!$B:$B,0)) -> 1481 | E14: =INDEX('All runs'!$D:$D,MATCH($B14,'All runs'!$B:$B,0)) -> 1816 | F14: =INDEX('All runs'!$E:$E,MATCH($B14,'All runs'!$B:$B,0)) -> 1961 | G14: =INDEX('All runs'!$F:$F,MATCH($B14,'All runs'!$B:$B,0)) -> 0.979452 | H14: =D14/$D$5-1 -> 3.628125
A15: v7 (centre) | B15: v7_chain_backup_center | C15: chain + backup + chain repair | D15: =INDEX('All runs'!$C:$C,MATCH($B15,'All runs'!$B:$B,0)) -> 1521 | E15: =INDEX('All runs'!$D:$D,MATCH($B15,'All runs'!$B:$B,0)) -> 1906 | F15: =INDEX('All runs'!$E:$E,MATCH($B15,'All runs'!$B:$B,0)) -> 2011 | G15: =INDEX('All runs'!$F:$F,MATCH($B15,'All runs'!$B:$B,0)) -> 0.989135 | H15: =D15/$D$5-1 -> 3.753125
A16: v7 (far BS) | B16: v7_chain_backup_farBS | C16: same, BS (50,−100) | D16: =INDEX('All runs'!$C:$C,MATCH($B16,'All runs'!$B:$B,0)) -> 1481 | E16: =INDEX('All runs'!$D:$D,MATCH($B16,'All runs'!$B:$B,0)) -> 1796 | F16: =INDEX('All runs'!$E:$E,MATCH($B16,'All runs'!$B:$B,0)) -> 1911 | G16: =INDEX('All runs'!$F:$F,MATCH($B16,'All runs'!$B:$B,0)) -> 0.98804 | H16: =D16/$D$5-1 -> 3.628125
... A22: v8-Chain (far BS) | B22: v8_chain_farBS | C22: same, BS (50,−100) | D22: =INDEX('All runs'!$C:$C,MATCH($B22,'All runs'!$B:$B,0)) -> 1626 | E22: =INDEX('All runs'!$D:$D,MATCH($B22,'All runs'!$B:$B,0)) -> 1821 | F22: =INDEX('All runs'!$E:$E,MATCH($B22,'All runs'!$B:$B,0)) -> 1881 | G22: =INDEX('All runs'!$F:$F,MATCH($B22,'All runs'!$B:$B,0)) -> 0.995637 | H22: =D22/$D$5-1 -> 4.08125

Sheet Ablation
A1: v8 with one improvement removed (compile flag -DI<k>=0)
A2: Change = run FND ÷ full v8 FND − 1.
A4: Run | B4: Removed mechanism | C4: FND | D4: HND | E4: LND | F4: PDR | G4: FND change
A5: v8_center | B5: — (full v8) | C5: =INDEX('All runs'!$C:$C,MATCH($A5,'All runs'!$B:$B,0)) -> 2446 | D5: =INDEX('All runs'!$D:$D,MATCH($A5,'All runs'!$B:$B,0)) -> 2536 | E5: =INDEX('All runs'!$E:$E,MATCH($A5,'All runs'!$B:$B,0)) -> 2566 | F5: =INDEX('All runs'!$F:$F,MATCH($A5,'All runs'!$B:$B,0)) -> 0.997208 | G5: =C5/$C$5-1 -> 0
A6: v8_without_I1 | B6: I1 epoch-exhaustion fix | C6: =INDEX('All runs'!$C:$C,MATCH($A6,'All runs'!$B:$B,0)) -> 2451 | D6: =INDEX('All runs'!$D:$D,MATCH($A6,'All runs'!$B:$B,0)) -> 2541 | E6: =INDEX('All runs'!$E:$E,MATCH($A6,'All runs'!$B:$B,0)) -> 2581 | F6: =INDEX('All runs'!$F:$F,MATCH($A6,'All runs'!$B:$B,0)) -> 0.997409 | G6: =C6/$C$5-1 -> 0.0020441537
A7: v8_without_I2 | B7: I2 proactive CH handover | C7: =INDEX('All runs'!$C:$C,MATCH($A7,'All runs'!$B:$B,0)) -> 2430 | D7: =INDEX('All runs'!$D:$D,MATCH($A7,'All runs'!$B:$B,0)) -> 2535 | E7: =INDEX('All runs'!$E:$E,MATCH($A7,'All runs'!$B:$B,0)) -> 2581 | F7: =INDEX('All runs'!$F:$F,MATCH($A7,'All runs'!$B:$B,0)) -> 0.996309 | G7: =C7/$C$5-1 -> -0.0065412919
A8: v8_without_I3 | B8: I3 orphan re-join | C8: =INDEX('All runs'!$C:$C,MATCH($A8,'All runs'!$B:$B,0)) -> 2446 | D8: =INDEX('All runs'!$D:$D,MATCH($A8,'All runs'!$B:$B,0)) -> 2536 | E8: =INDEX('All runs'!$E:$E,MATCH($A8,'All runs'!$B:$B,0)) -> 2566 | F8: =INDEX('All runs'!$F:$F,MATCH($A8,'All runs'!$B:$B,0)) -> 0.997105 | G8: =C8/$C$5-1 -> 0
A9: v8_without_I4 | B9: I4 direct-to-BS | C9: =INDEX('All runs'!$C:$C,MATCH($A9,'All runs'!$B:$B,0)) -> 1766 | D9: =INDEX('All runs'!$D:$D,MATCH($A9,'All runs'!$B:$B,0)) -> 1916 | E9: =INDEX('All runs'!$E:$E,MATCH($A9,'All runs'!$B:$B,0)) -> 1981 | F9: =INDEX('All runs'!$F:$F,MATCH($A9,'All runs'!$B:$B,0)) -> 0.995359 | G9: =C9/$C$5-1 -> -0.27800491
A10: v8_without_I5 | B10: I5 energy-gated election | C10: =INDEX('All runs'!$C:$C,MATCH($A10,'All runs'!$B:$B,0)) -> 2171 | D10: =INDEX('All runs'!$D:$D,MATCH($A10,'All runs'!$B:$B,0)) -> 2481 | E10: =INDEX('All runs'!$E:$E,MATCH($A10,'All runs'!$B:$B,0)) -> 2551 | F10: =INDEX('All runs'!$F:$F,MATCH($A10,'All runs'!$B:$B,0)) -> 0.997721 | G10: =C10/$C$5-1 -> -0.11242845

Sheet Routing
A1: CH → BS routing mode of v8-Chain (compile flag -DCHAIN_MODE)
A2: Gain = mode FND ÷ direct FND − 1 for the same BS position.
A4: Run | B4: BS | C4: Mode | D4: FND | E4: HND | F4: LND | G4: PDR | H4: FND vs direct
A5: center_mode0 | B5: centre (50,50) | C5: 0 · direct CH → BS (= v8) | D5: =INDEX('All runs'!$C:$C,MATCH($A5,'All runs'!$B:$B,0)) -> 2446 | E5: =INDEX('All runs'!$D:$D,MATCH($A5,'All runs'!$B:$B,0)) -> 2536 | F5: =INDEX('All runs'!$E:$E,MATCH($A5,'All runs'!$B:$B,0)) -> 2566 | G5: =INDEX('All runs'!$F:$F,MATCH($A5,'All runs'!$B:$B,0)) -> 0.997208 | H5: =D5/$D$5-1 -> 0
A6: center_mode1 | B6: centre (50,50) | C6: 1 · ordered CH chain | D6: =INDEX('All runs'!$C:$C,MATCH($A6,'All runs'!$B:$B,0)) -> 2381 | E6: =INDEX('All runs'!$D:$D,MATCH($A6,'All runs'!$B:$B,0)) -> 2486 | F6: =INDEX('All runs'!$E:$E,MATCH($A6,'All runs'!$B:$B,0)) -> 2521 | G6: =INDEX('All runs'!$F:$F,MATCH($A6,'All runs'!$B:$B,0)) -> 0.996779 | H6: =D6/$D$5-1 -> -0.026573998
A7: center_mode2 | B7: centre (50,50) | C7: 2 · energy-aware relay (= v8-Chain) | D7: =INDEX('All runs'!$C:$C,MATCH($A7,'All runs'!$B:$B,0)) -> 2446 | E7: =INDEX('All runs'!$D:$D,MATCH($A7,'All runs'!$B:$B,0)) -> 2536 | F7: =INDEX('All runs'!$E:$E,MATCH($A7,'All runs'!$B:$B,0)) -> 2566 | G7: =INDEX('All runs'!$F:$F,MATCH($A7,'All runs'!$B:$B,0)) -> 0.997168 | H7: =D7/$D$5-1 -> 0
A8: farBS_mode0 | B8: far (50,−100) | C8: 0 · direct CH → BS (= v8) | D8: =INDEX('All runs'!$C:$C,MATCH($A8,'All runs'!$B:$B,0)) -> 1406 | E8: =INDEX('All runs'!$D:$D,MATCH($A8,'All runs'!$B:$B,0)) -> 1551 | F8: =INDEX('All runs'!$E:$E,MATCH($A8,'All runs'!$B:$B,0)) -> 1606 | G8: =INDEX('All runs'!$F:$F,MATCH($A8,'All runs'!$B:$B,0)) -> 0.993787 | H8: =D8/$D$8-1 -> 0
A9: farBS_mode1 | B9: far (50,−100) | C9: 1 · ordered CH chain | D9: =INDEX('All runs'!$C:$C,MATCH($A9,'All runs'!$B:$B,0)) -> 1586 | E9: =INDEX('All runs'!$D:$D,MATCH($A9,'All runs'!$B:$B,0)) -> 1801 | F9: =INDEX('All runs'!$E:$E,MATCH($A9,'All runs'!$B:$B,0)) -> 1866 | G9: =INDEX('All runs'!$F:$F,MATCH($A9,'All runs'!$B:$B,0)) -> 0.995802 | H9: =D9/$D$8-1 -> 0.12802276
A10: farBS_mode2 | B10: far (50,−100) | C10: 2 · energy-aware relay (= v8-Chain) | D10: =INDEX('All runs'!$C:$C,MATCH($A10,'All runs'!$B:$B,0)) -> 1626 | E10: =INDEX('All runs'!$D:$D,MATCH($A10,'All runs'!$B:$B,0)) -> 1821 | F10: =INDEX('All runs'!$E:$E,MATCH($A10,'All runs'!$B:$B,0)) -> 1881 | G10: =INDEX('All runs'!$F:$F,MATCH($A10,'All runs'!$B:$B,0)) -> 0.995637 | H10: =D10/$D$8-1 -> 0.15647226

Sheet Robustness
A1: 8 random topologies (compile flag -DTOPO_SEED)
A2: Mean / min / max are formulas over the 8 seeds of each protocol.
A4: Protocol | B4: Seed | C4: Run | D4: FND | E4: HND | F4: LND | G4: PDR
A5: v5b (centre) | B5: 12345 | C5: v5b_center_seed12345 | D5: =INDEX('All runs'!$C:$C,MATCH($C5,'All runs'!$B:$B,0)) -> 1645 | E5: =INDEX('All runs'!$D:$D,MATCH($C5,'All runs'!$B:$B,0)) -> 1996 | F5: =INDEX('All runs'!$E:$E,MATCH($C5,'All runs'!$B:$B,0)) -> 2116 | G5: =INDEX('All runs'!$F:$F,MATCH($C5,'All runs'!$B:$B,0)) -> 0.986194
A6: v5b (centre) | B6: 1 | C6: v5b_center_seed1 | D6: =INDEX('All runs'!$C:$C,MATCH($C6,'All runs'!$B:$B,0)) -> 1743 | E6: =INDEX('All runs'!$D:$D,MATCH($C6,'All runs'!$B:$B,0)) -> 2031 | F6: =INDEX('All runs'!$E:$E,MATCH($C6,'All runs'!$B:$B,0)) -> 2121 | G6: =INDEX('All runs'!$F:$F,MATCH($C6,'All runs'!$B:$B,0)) -> 0.986778
A7: v5b (centre) | B7: 7 | C7: v5b_center_seed7 | D7: =INDEX('All runs'!$C:$C,MATCH($C7,'All runs'!$B:$B,0)) -> 1725 | E7: =INDEX('All runs'!$D:$D,MATCH($C7,'All runs'!$B:$B,0)) -> 2066 | F7: =INDEX('All runs'!$E:$E,MATCH($C7,'All runs'!$B:$B,0)) -> 2303 | G7: =INDEX('All runs'!$F:$F,MATCH($C7,'All runs'!$B:$B,0)) -> 0.976919
A8: v5b (centre) | B8: 42 | C8: v5b_center_seed42 | D8: =INDEX('All runs'!$C:$C,MATCH($C8,'All runs'!$B:$B,0)) -> 1551 | E8: =INDEX('All runs'!$D:$D,MATCH($C8,'All runs'!$B:$B,0)) -> 2051 | F8: =INDEX('All runs'!$E:$E,MATCH($C8,'All runs'!$B:$B,0)) -> 2401 | G8: =INDEX('All runs'!$F:$F,MATCH($C8,'All runs'!$B:$B,0)) -> 0.982669
A9: v5b (centre) | B9: 99 | C9: v5b_center_seed99 | D9: =INDEX('All runs'!$C:$C,MATCH($C9,'All runs'!$B:$B,0)) -> 1681 | E9: =INDEX('All runs'!$D:$D,MATCH($C9,'All runs'!$B:$B,0)) -> 2051 | F9: =INDEX('All runs'!$E:$E,MATCH($C9,'All runs'!$B:$B,0)) -> 2201 | G9: =INDEX('All runs'!$F:$F,MATCH($C9,'All runs'!$B:$B,0)) -> 0.981511
A10: v5b (centre) | B10: 2024 | C10: v5b_center_seed2024 | D10: =INDEX('All runs'!$C:$C,MATCH($C10,'All runs'!$B:$B,0)) -> 1606 | E10: =INDEX('All runs'!$D:$D,MATCH($C10,'All runs'!$B:$B,0)) -> 2011 | F10: =INDEX('All runs'!$E:$E,MATCH($C10,'All runs'!$B:$B,0)) -> 2116 | G10: =INDEX('All runs'!$F:$F,MATCH($C10,'All runs'!$B:$B,0)) -> 0.98646
A11: v5b (centre) | B11: 31337 | C11: v5b_center_seed31337 | D11: =INDEX('All runs'!$C:$C,MATCH($C11,'All runs'!$B:$B,0)) -> 1410 | E11: =INDEX('All runs'!$D:$D,MATCH($C11,'All runs'!$B:$B,0)) -> 2041 | F11: =INDEX('All runs'!$E:$E,MATCH($C11,'All runs'!$B:$B,0)) -> 2141 | G11: =INDEX('All runs'!$F:$F,MATCH($C11,'All runs'!$B:$B,0)) -> 0.987119
A12: v5b (centre) | B12: 555 | C12: v5b_center_seed555 | D12: =INDEX('All runs'!$C:$C,MATCH($C12,'All runs'!$B:$B,0)) -> 1486 | E12: =INDEX('All runs'!$D:$D,MATCH($C12,'All runs'!$B:$B,0)) -> 2041 | F12: =INDEX('All runs'!$E:$E,MATCH($C12,'All runs'!$B:$B,0)) -> 2502 | G12: =INDEX('All runs'!$F:$F,MATCH($C12,'All runs'!$B:$B,0)) -> 0.982345
A13: v8 (centre) | B13: 12345 | C13: v8_center_seed12345 | D13: =INDEX('All runs'!$C:$C,MATCH($C13,'All runs'!$B:$B,0)) -> 2446 | E13: =INDEX('All runs'!$D:$D,MATCH($C13,'All runs'!$B:$B,0)) -> 2536 | F13: =INDEX('All runs'!$E:$E,MATCH($C13,'All runs'!$B:$B,0)) -> 2566 | G13: =INDEX('All runs'!$F:$F,MATCH($C13,'All runs'!$B:$B,0)) -> 0.997208
A14: v8 (centre) | B14: 1 | C14: v8_center_seed1 | D14: =INDEX('All runs'!$C:$C,MATCH($C14,'All runs'!$B:$B,0)) -> 2481 | E14: =INDEX('All runs'!$D:$D,MATCH($C14,'All runs'!$B:$B,0)) -> 2551 | F14: =INDEX('All runs'!$E:$E,MATCH($C14,'All runs'!$B:$B,0)) -> 2596 | G14: =INDEX('All runs'!$F:$F,MATCH($C14,'All runs'!$B:$B,0)) -> 0.99752
A15: v8 (centre) | B15: 7 | C15: v8_center_seed7 | D15: =INDEX('All runs'!$C:$C,MATCH($C15,'All runs'!$B:$B,0)) -> 2476 | E15: =INDEX('All runs'!$D:$D,MATCH($C15,'All runs'!$B:$B,0)) -> 2581 | F15: =INDEX('All runs'!$E:$E,MATCH($C15,'All runs'!$B:$B,0)) -> 2621 | G15: =INDEX('All runs'!$F:$F,MATCH($C15,'All runs'!$B:$B,0)) -> 0.997118
A16: v8 (centre) | B16: 42 | C16: v8_center_seed42 | D16: =INDEX('All runs'!$C:$C,MATCH($C16,'All runs'!$B:$B,0)) -> 2416 | E16: =INDEX('All runs'!$D:$D,MATCH($C16,'All runs'!$B:$B,0)) -> 2546 | F16: =INDEX('All runs'!$E:$E,MATCH($C16,'All runs'!$B:$B,0)) -> 2581 | G16: =INDEX('All runs'!$F:$F,MATCH($C16,'All runs'!$B:$B,0)) -> 0.997119
... A44: v8-Chain (far BS) | B44: 555 | C44: v8_chain_farBS_seed555 | D44: =INDEX('All runs'!$C:$C,MATCH($C44,'All runs'!$B:$B,0)) -> 1671 | E44: =INDEX('All runs'!$D:$D,MATCH($C44,'All runs'!$B:$B,0)) -> 1831 | F44: =INDEX('All runs'!$E:$E,MATCH($C44,'All runs'!$B:$B,0)) -> 1876 | G44: =INDEX('All runs'!$F:$F,MATCH($C44,'All runs'!$B:$B,0)) -> 0.995833
A46: Protocol | D46: Mean FND | E46: Mean HND | F46: Mean LND | G46: Mean PDR | H46: Min FND | I46: Max FND | J46: FND spread
A47: v5b (centre) | D47: =AVERAGE(D5:D12) -> 1605.875 | E47: =AVERAGE(E5:E12) -> 2036 | F47: =AVERAGE(F5:F12) -> 2237.625 | G47: =AVERAGE(G5:G12) -> 0.98374938 | H47: =MIN(D5:D12) -> 1410 | I47: =MAX(D5:D12) -> 1743 | J47: =(I47-H47)/2/D47 -> 0.10368179
A48: v8 (centre) | D48: =AVERAGE(D13:D20) -> 2447.875 | E48: =AVERAGE(E13:E20) -> 2544.375 | F48: =AVERAGE(F13:F20) -> 2581 | G48: =AVERAGE(G13:G20) -> 0.99712325 | H48: =MIN(D13:D20) -> 2401 | I48: =MAX(D13:D20) -> 2481 | J48: =(I48-H48)/2/D48 -> 0.016340704
A49: v8-Chain (centre) | D49: =AVERAGE(D21:D28) -> 2447.875 | E49: =AVERAGE(E21:E28) -> 2544.375 | F49: =AVERAGE(F21:F28) -> 2581.625 | G49: =AVERAGE(G21:G28) -> 0.99709713 | H49: =MIN(D21:D28) -> 2401 | I49: =MAX(D21:D28) -> 2481 | J49: =(I49-H49)/2/D49 -> 0.016340704
A50: v8 (far BS) | D50: =AVERAGE(D29:D36) -> 1412.25 | E50: =AVERAGE(E29:E36) -> 1603.5 | F50: =AVERAGE(F29:F36) -> 1650.375 | G50: =AVERAGE(G29:G36) -> 0.99372025 | H50: =MIN(D29:D36) -> 1346 | I50: =MAX(D29:D36) -> 1476 | J50: =(I50-H50)/2/D50 -> 0.046025845
A51: v8-Chain (far BS) | D51: =AVERAGE(D37:D44) -> 1651.625 | E51: =AVERAGE(E37:E44) -> 1849.75 | F51: =AVERAGE(F37:F44) -> 1897.875 | G51: =AVERAGE(G37:G44) -> 0.99460762 | H51: =MIN(D37:D44) -> 1596 | I51: =MAX(D37:D44) -> 1681 | J51: =(I51-H51)/2/D51 -> 0.025732233

Sheet Environment
A1: Unified simulation environment (EDITED, IMPROVED and PROPOSED codes)
A4: Parameter | B4: Value
A5: Nodes | B5: 100, random uniform
A6: Field | B6: 100 × 100 m
A7: Initial energy | B7: 0.5 J per node (50 J total)
A8: Base station | B8: centre (50, 50); far case (50, −100)
A9: Data / control packet | B9: 2000 / 200 bits
A10: Radio model | B10: first-order, two-slope (d² / d⁴)
A11: E_elec | B11: 50 nJ/bit
A12: ε_fs / ε_mp | B12: 10 pJ/bit/m² / 0.0013 pJ/bit/m⁴
A13: d0 = √(ε_fs/ε_mp) | B13: ≈ 87.7 m
A14: E_DA (aggregation) | B14: 5 nJ/bit/signal
A15: Neighbour range | B15: 25 m
... A21: Simulator | B21: ns-3.41, C++, analytical energy model
